Year,PoliceOffice,Total,Murder,Robber,Theft,Violence
2020,0,1944,1,3,943,997
2020,1,1579,9,4,602,964
2020,2,1281,1,2,699,579
2020,3,2374,3,2,1077,1292
2020,4,1331,0,3,581,747
2020,5,2739,5,6,1111,1617
2020,6,1113,0,2,439,672
2020,7,3240,10,6,1440,1784
2020,8,3340,9,4,1483,1844
2020,9,4902,7,6,2188,2701
2020,10,2247,5,3,1016,1223
2020,11,2974,1,1,1341,1631
2020,12,3346,2,4,1664,1676
2020,13,1286,3,3,532,748
2020,14,2611,9,5,780,1817
2020,15,2481,4,7,999,1471
2020,16,3543,10,5,1506,2022
2020,17,4241,5,12,1941,2283
2020,18,4858,12,3,2229,2614
2020,19,4150,10,6,1689,2445
2020,20,3600,3,15,1640,1942
2020,21,1312,4,1,549,758
2020,22,3978,6,5,1763,2204
2020,23,3432,4,5,1673,1750
2020,24,3107,5,3,1517,1582
2020,25,5123,6,13,2429,2675
2020,26,3574,4,3,1404,2163
2020,27,773,1,1,348,423
2020,28,1933,1,1,839,1092
2020,29,2097,0,2,861,1234
2020,30,2407,1,2,1010,1394
2020,31,1331,1,0,686,644
2020,32,2350,5,2,1018,1325
2020,33,981,0,0,366,615
2020,34,1379,2,0,571,806
2020,35,5494,3,9,2316,3166
2020,36,1041,1,1,458,581
2020,37,3309,7,4,1346,1952
2020,38,3061,3,0,1336,1722
2020,39,2401,7,6,968,1420
2020,40,1926,2,2,943,979
2020,41,2487,6,0,1034,1447
2020,42,2783,5,7,1136,1635
2020,43,965,3,3,443,516
2020,44,2474,5,4,1030,1435
2020,45,1329,1,1,517,810
2020,46,2351,0,3,1214,1134
2020,47,2924,10,10,1210,1694
2020,48,2337,1,5,743,1588
2020,49,1616,2,4,677,933
2020,50,1852,2,4,767,1079
2020,51,2429,1,0,1011,1417
2020,52,2023,3,2,847,1171
2020,53,2421,3,4,1022,1392
2020,54,1301,3,1,522,775
2020,55,1750,3,0,659,1088
2020,56,2336,6,4,824,1502
2020,57,4139,12,8,1352,2767
2020,58,3120,1,7,1039,2073
2020,59,2792,5,8,984,1795
2020,60,4234,5,4,1342,2883
2020,61,2497,1,5,757,1734
2020,62,430,0,1,130,299
2020,63,2403,2,5,865,1531
2020,64,3308,2,2,1146,2158
2020,65,1591,2,1,544,1044
2020,66,1404,0,6,634,764
2020,67,2905,2,5,1219,1679
2020,68,3368,1,5,1320,2042
2020,69,3141,4,5,1151,1981
2020,70,1521,3,3,615,900
2020,71,2638,2,3,1028,1605
2020,72,2396,1,4,1036,1355
2020,73,2218,6,2,777,1433
2020,74,1764,0,1,637,1126
2020,75,2340,5,2,857,1476
2020,76,2197,4,2,923,1268
2020,77,2986,4,5,1002,1975
2020,78,2479,4,3,906,1566
2020,79,1441,2,1,583,855
2020,80,1603,2,5,568,1028
2020,81,123,0,0,42,81
2020,82,1760,8,2,876,874
2020,83,3400,5,6,1318,2071
2020,84,5293,8,1,2202,3082
2020,85,3241,2,2,1360,1877
2020,86,1956,1,2,790,1163
2020,87,2633,3,3,1032,1595
2020,88,1719,3,3,711,1002
2020,89,2479,7,2,1068,1402
2020,90,2217,0,6,824,1387
2020,91,2597,5,7,1128,1457
2020,92,2159,3,1,918,1237
2020,93,4906,6,15,2084,2801
2020,94,1627,2,0,558,1067
2020,95,2749,3,4,1092,1650
2020,96,4948,8,11,1873,3056
2020,97,2918,3,5,1140,1770
2020,98,4816,13,7,1775,3021
2020,99,6197,11,12,2056,4118
2020,100,2236,2,1,889,1344
2020,101,2971,5,3,950,2013
2020,102,4011,5,6,1762,2238
2020,103,1891,2,1,827,1061
2020,104,2700,4,0,809,1887
2020,105,275,0,0,126,149
2020,106,701,1,0,238,462
2020,107,1956,0,2,822,1132
2020,108,2145,1,1,775,1368
2020,109,3059,2,7,1189,1861
2020,110,2063,6,4,790,1263
2020,111,1101,4,2,395,700
2020,112,950,0,0,312,638
2020,113,2896,3,1,951,1941
2020,114,4617,11,7,1505,3094
2020,115,3170,5,3,1085,2077
2020,116,2001,1,6,634,1360
2020,117,1339,0,1,453,885
2020,118,3860,5,8,1351,2496
2020,119,0,0,0,0,0
2020,120,2934,8,4,985,1937
2020,121,1742,5,4,503,1230
2020,122,878,1,5,266,606
2020,123,1700,1,2,621,1076
2020,124,1283,1,1,415,866
2020,125,537,0,2,116,419
2020,126,297,3,0,99,195
2020,127,1933,2,8,638,1285
2020,128,186,1,0,51,134
2020,129,657,2,0,184,471
2020,130,520,2,1,137,380
2020,131,1277,1,2,381,893
2020,132,117,1,0,48,68
2020,133,225,3,1,66,155
2020,134,2788,5,7,1150,1626
2020,135,119,2,0,37,80
2020,136,316,0,0,135,181
2020,137,200,1,0,81,118
2020,138,2286,6,1,945,1334
2020,139,321,2,0,75,244
2020,140,287,0,0,79,208
2020,141,545,4,1,178,362
2020,142,154,1,0,46,107
2020,143,258,2,0,96,160
2020,144,760,2,9,494,255
2020,145,227,0,0,85,142
2020,146,215,0,0,90,125
2020,147,266,1,2,91,172
2020,148,286,0,0,81,205
2020,149,836,0,2,261,573
2020,150,1003,3,3,373,624
2020,151,703,1,0,233,469
2020,152,2685,2,5,997,1681
2020,153,2869,2,2,1228,1637
2020,154,1668,4,3,790,871
2020,155,2162,1,2,986,1173
2020,156,3362,6,8,1544,1804
2020,157,2544,2,6,1322,1214
2020,158,1511,2,1,589,919
2020,159,3096,7,15,1201,1873
2020,160,1098,5,1,483,609
2020,161,744,1,0,277,466
2020,162,798,2,2,316,478
2020,163,1299,3,3,525,768
2020,164,683,0,1,328,354
2020,165,591,1,0,297,293
2020,166,450,2,0,242,206
2020,167,315,1,0,134,180
2020,168,299,1,1,119,178
2020,169,149,0,1,68,80
2020,170,427,2,1,178,246
2020,171,396,1,0,139,256
2020,172,2532,3,2,1014,1513
2020,173,640,4,0,216,420
2020,174,559,3,4,208,344
2020,175,125,0,0,51,74
2020,176,348,0,1,127,220
2020,177,145,0,1,57,87
2020,178,508,3,0,189,316
2020,179,2497,4,0,1081,1412
2020,180,109,0,0,36,73
2020,181,97,0,0,29,68
2020,182,2490,5,5,1077,1403
2020,183,2798,3,5,1114,1676
2020,184,903,4,1,358,540
2020,185,104,3,0,48,53
2020,186,2829,0,5,1108,1716
2020,187,2342,6,4,850,1482
2020,188,2392,4,0,909,1479
2020,189,882,3,2,415,462
2020,190,1142,2,1,407,732
2020,191,471,0,0,161,310
2020,192,483,3,0,173,307
2020,193,354,1,0,122,231
2020,194,249,1,1,101,146
2020,195,383,3,0,138,242
2020,196,363,1,0,151,211
2020,197,212,1,0,87,124
2020,198,477,1,0,219,257
2020,199,259,1,0,117,141
2020,200,308,0,0,117,191
2020,201,265,3,0,107,155
2020,202,131,0,0,53,78
2020,203,468,0,0,161,307
2020,204,572,0,1,278,293
2020,205,252,1,0,96,155
2020,206,180,1,0,68,111
2020,207,1995,2,1,885,1107
2020,208,2090,4,2,800,1284
2020,209,2263,3,4,1152,1104
2020,210,3592,4,5,1788,1795
2020,211,2380,1,0,1016,1363
2020,212,1526,4,1,443,1078
2020,213,1309,1,0,432,876
2020,214,644,1,1,216,426
2020,215,924,3,0,380,541
2020,216,712,1,1,342,368
2020,217,472,0,0,166,306
2020,218,863,2,1,344,516
2020,219,322,0,0,111,211
2020,220,293,0,0,83,210
2020,221,355,1,0,157,197
2020,222,312,1,0,91,220
2020,223,156,0,0,39,117
2020,224,295,1,0,88,206
2020,225,283,0,1,89,193
2020,226,237,1,0,74,162
2020,227,117,0,0,41,76
2020,228,132,0,0,53,79
2020,229,197,0,0,74,123
2020,230,40,0,0,7,33
2020,231,2189,3,2,971,1213
2020,232,2107,3,8,955,1141
2020,233,1287,3,2,521,761
2020,234,2181,5,2,845,1329
2020,235,3956,5,8,2051,1892
2020,236,3274,6,3,1548,1717
2020,237,1948,7,1,893,1047
2020,238,3010,6,7,1340,1657
2020,239,2310,9,0,828,1473
2020,240,1372,3,2,609,758
2020,241,1385,0,2,466,917
2020,242,1065,8,0,407,650
2020,243,794,0,0,314,480
2020,244,387,0,0,160,227
2020,245,239,0,1,60,178
2020,246,291,0,1,109,181
2020,247,476,1,0,169,306
2020,248,222,0,0,84,138
2020,249,208,1,1,78,128
2020,250,185,1,2,58,124
2020,251,175,0,0,64,111
2020,252,333,2,0,123,208
2020,253,170,0,0,61,109
2020,254,2489,5,3,1147,1334
2020,255,3277,5,6,1121,2145
2020,256,2973,3,5,1134,1831
2019,0,2338,1,4,1198,1135
2019,1,2073,2,5,816,1250
2019,2,1794,1,2,1004,787
2019,3,2768,2,5,1226,1535
2019,4,1535,2,2,699,832
2019,5,3041,3,3,999,2036
2019,6,1181,2,0,442,737
2019,7,3524,6,10,1531,1977
2019,8,4347,2,2,2190,2153
2019,9,5464,10,3,2409,3042
2019,10,2379,6,9,970,1394
2019,11,3149,4,1,1328,1816
2019,12,3738,4,6,1875,1853
2019,13,1469,1,0,624,844
2019,14,3662,6,3,1229,2424
2019,15,2952,6,10,1157,1779
2019,16,4130,10,4,1666,2450
2019,17,4195,3,3,2003,2186
2019,18,4920,13,10,2223,2674
2019,19,4618,8,3,2050,2557
2019,20,3834,6,15,1650,2163
2019,21,1520,1,3,640,876
2019,22,4481,10,3,1916,2552
2019,23,4027,4,7,1867,2149
2019,24,3087,6,2,1477,1602
2019,25,5425,7,10,2416,2992
2019,26,3969,4,3,1498,2464
2019,27,899,1,0,403,495
2019,28,2217,2,1,941,1273
2019,29,2020,1,5,790,1224
2019,30,2443,2,2,967,1472
2019,31,1529,3,4,700,822
2019,32,2416,4,6,938,1468
2019,33,1021,4,5,350,662
2019,34,1640,0,10,696,934
2019,35,5751,7,16,2424,3304
2019,36,1207,1,4,606,596
2019,37,3792,8,5,1541,2238
2019,38,3327,3,5,1305,2014
2019,39,2480,8,3,1023,1446
2019,40,2245,10,11,1036,1188
2019,41,2574,10,4,1025,1535
2019,42,2722,3,5,1068,1646
2019,43,1000,1,0,474,525
2019,44,2425,1,3,807,1614
2019,45,1154,0,1,497,656
2019,46,3017,1,4,1484,1528
2019,47,3051,8,5,1237,1801
2019,48,2066,0,5,693,1368
2019,49,1837,4,2,724,1107
2019,50,1975,1,3,750,1221
2019,51,2657,6,3,1101,1547
2019,52,2106,4,0,895,1207
2019,53,2752,6,6,1154,1586
2019,54,1543,6,2,636,899
2019,55,1701,5,0,579,1117
2019,56,2575,3,6,985,1581
2019,57,5097,8,10,1748,3331
2019,58,3300,6,8,1079,2207
2019,59,2988,4,11,1053,1920
2019,60,4671,6,5,1325,3335
2019,61,2609,5,5,732,1867
2019,62,514,2,0,169,343
2019,63,2588,8,7,1018,1555
2019,64,3655,2,4,1333,2316
2019,65,1789,4,4,607,1174
2019,66,1581,3,4,602,972
2019,67,3451,4,4,1190,2253
2019,68,3785,6,15,1438,2326
2019,69,3201,2,4,1081,2114
2019,70,1627,1,1,611,1014
2019,71,2786,5,6,1221,1554
2019,72,2433,3,8,1176,1246
2019,73,2289,1,4,815,1469
2019,74,1762,0,1,646,1115
2019,75,2461,3,4,974,1480
2019,76,2377,6,2,1024,1345
2019,77,3165,3,14,1038,2110
2019,78,2785,9,8,968,1800
2019,79,1585,4,3,605,973
2019,80,1740,3,3,594,1140
2019,83,1729,3,0,850,876
2019,84,3901,2,6,1446,2447
2019,85,5635,10,9,2199,3417
2019,86,3566,4,4,1538,2020
2019,87,2069,1,4,730,1334
2019,88,2763,4,3,1010,1746
2019,89,1840,4,2,655,1179
2019,90,2548,1,6,977,1564
2019,91,2591,2,1,953,1635
2019,92,3049,1,6,1320,1722
2019,93,2067,3,2,826,1236
2019,94,5257,7,10,2255,2985
2019,95,1684,5,0,632,1047
2019,96,2793,1,5,1066,1721
2019,97,4994,8,9,1928,3049
2019,98,3117,2,4,1049,2062
2019,99,5143,3,15,1770,3355
2019,100,6539,8,12,2183,4336
2019,101,2634,3,7,935,1689
2019,102,3004,8,6,1032,1958
2019,103,4127,6,6,1594,2521
2019,104,1917,2,1,757,1157
2019,105,2624,1,5,766,1852
2019,106,407,1,0,191,215
2019,107,748,1,0,277,470
2019,108,1744,0,1,741,1002
2019,109,2386,2,1,829,1554
2019,110,2798,10,1,982,1805
2019,111,1846,5,5,652,1184
2019,112,1067,0,13,420,634
2019,113,750,3,2,207,538
2019,114,3435,6,1,1118,2310
2019,115,5082,5,4,1605,3468
2019,116,3360,6,6,1071,2277
2019,117,2345,2,1,762,1580
2019,257,1524,3,1,564,956
2019,120,4222,14,7,1510,2691
2019,121,2914,5,4,937,1968
2019,122,1656,5,1,465,1185
2019,123,973,2,1,352,618
2019,124,2414,1,4,832,1577
2019,125,1584,10,4,522,1048
2019,126,630,2,1,182,445
2019,127,328,0,0,115,213
2019,128,2114,3,4,721,1386
2019,129,190,0,0,57,133
2019,130,724,1,2,170,551
2019,131,598,0,0,126,472
2019,132,1303,4,3,402,894
2019,133,178,0,0,109,69
2019,134,206,1,0,87,118
2019,135,3109,1,8,1304,1796
2019,136,126,0,0,30,96
2019,137,458,2,0,220,236
2019,138,184,0,1,66,117
2019,139,2351,7,3,879,1462
2019,140,390,0,4,90,296
2019,141,229,0,0,69,160
2019,142,596,0,0,194,402
2019,143,128,0,0,60,68
2019,144,285,3,0,90,192
2019,145,628,0,2,347,279
2019,146,230,1,0,71,158
2019,147,228,0,1,91,136
2019,148,312,3,2,124,183
2019,149,293,0,0,89,204
2019,150,897,1,1,331,564
2019,151,980,3,4,386,587
2019,152,688,2,1,245,440
2019,153,2869,5,8,1084,1772
2019,154,3017,2,11,1438,1566
2019,155,1795,5,2,832,956
2019,156,2265,7,3,909,1346
2019,157,3906,9,11,1836,2050
2019,158,2876,4,2,1493,1377
2019,159,1463,2,1,466,994
2019,160,3330,7,12,1297,2014
2019,161,1159,7,0,509,643
2019,162,849,0,3,374,472
2019,163,807,1,0,329,477
2019,258,1279,5,1,543,730
2019,164,698,2,0,328,368
2019,165,545,0,0,249,296
2019,166,433,2,0,234,197
2019,167,283,1,1,120,161
2019,168,321,1,0,169,151
2019,169,132,0,0,58,74
2019,170,479,1,0,207,271
2019,171,363,0,1,159,203
2019,172,2577,5,7,925,1640
2019,173,607,1,0,219,387
2019,174,559,3,2,202,352
2019,175,156,0,0,51,105
2019,176,436,0,1,187,248
2019,177,154,0,1,72,81
2019,178,562,0,0,217,345
2019,179,2718,11,2,1093,1612
2019,180,116,1,0,39,76
2019,181,103,0,0,42,61
2019,182,2421,6,5,1055,1355
2019,183,2793,6,5,1150,1632
2019,184,866,1,1,363,501
2019,185,120,0,0,44,76
2019,186,3291,4,8,1225,2054
2019,187,2879,1,3,897,1978
2019,188,2475,4,1,782,1688
2019,189,792,3,4,370,415
2019,190,1129,1,0,372,756
2019,191,451,2,1,150,298
2019,192,477,1,1,201,274
2019,193,360,0,0,143,217
2019,194,264,0,0,109,155
2019,195,310,1,1,111,197
2019,196,434,1,0,150,283
2019,197,194,1,3,80,110
2019,198,473,1,1,191,280
2019,199,268,0,0,88,180
2019,200,297,3,1,75,218
2019,201,308,0,0,140,168
2019,202,149,0,1,52,96
2019,203,450,1,1,148,300
2019,204,414,1,1,187,225
2019,205,270,0,0,111,159
2019,206,213,0,0,75,138
2019,207,2279,3,5,1017,1254
2019,208,2488,4,1,1000,1483
2019,209,2272,1,3,991,1277
2019,210,3460,5,3,1521,1931
2019,211,2753,3,3,1087,1660
2019,212,1310,2,1,458,849
2019,213,1245,2,2,416,825
2019,214,766,2,2,240,522
2019,215,879,1,3,358,517
2019,216,717,2,0,287,428
2019,217,536,1,0,169,366
2019,218,956,2,1,354,599
2019,219,347,3,0,151,193
2019,220,325,1,0,91,233
2019,221,297,1,0,109,187
2019,222,319,1,0,98,220
2019,223,148,0,0,45,103
2019,224,264,1,0,88,175
2019,225,320,1,1,123,195
2019,226,214,0,0,44,170
2019,227,72,0,0,14,58
2019,228,116,0,0,48,68
2019,229,163,1,1,78,83
2019,230,56,0,0,12,44
2019,231,2445,2,3,1040,1400
2019,232,1862,2,3,833,1024
2019,233,1303,8,2,454,839
2019,234,2077,5,2,840,1230
2019,235,3287,4,3,1605,1675
2019,236,3505,1,7,1340,2157
2019,237,1930,1,2,866,1061
2019,238,2982,4,6,1278,1694
2019,239,2115,4,2,767,1342
2019,240,1380,1,0,530,849
2019,241,1321,3,4,463,851
2019,242,930,3,0,269,658
2019,243,780,3,0,301,476
2019,244,411,0,0,130,281
2019,245,217,1,0,67,149
2019,246,289,4,2,108,175
2019,247,431,3,0,168,260
2019,248,234,1,0,108,125
2019,249,252,2,0,82,168
2019,250,231,0,0,86,145
2019,251,180,0,0,68,112
2019,252,305,1,0,107,197
2019,253,161,0,2,34,125
2019,254,2199,4,7,897,1291
2019,255,3135,11,3,1173,1948
2019,256,3030,5,11,1144,1870
2018,0,2239,1,5,1057,1176
2018,1,1881,5,1,744,1131
2018,2,1584,1,6,798,779
2018,3,2596,5,3,1062,1526
2018,4,1573,1,2,739,831
2018,5,3080,1,3,1096,1980
2018,6,1487,1,0,600,886
2018,7,3535,2,5,1447,2081
2018,8,4699,6,6,2011,2676
2018,9,5449,17,8,2292,3132
2018,10,2331,2,5,999,1325
2018,11,2812,3,7,1151,1651
2018,12,3686,7,2,1769,1908
2018,13,1316,4,0,505,807
2018,14,3249,8,7,1112,2122
2018,15,3093,6,7,1168,1912
2018,16,4114,4,3,1526,2581
2018,17,4222,5,9,2020,2188
2018,18,4674,9,10,2012,2643
2018,19,4360,11,6,1724,2619
2018,20,3749,3,7,1515,2224
2018,21,1372,6,1,564,801
2018,22,4560,8,9,1717,2826
2018,23,3399,5,4,1482,1908
2018,24,3395,2,4,1384,2005
2018,25,5498,5,6,2352,3135
2018,26,3813,5,5,1422,2381
2018,27,857,0,1,369,487
2018,28,2086,4,1,773,1308
2018,29,2136,1,5,781,1349
2018,30,2691,5,5,984,1697
2018,31,1709,1,2,927,779
2018,32,2431,3,6,1048,1374
2018,33,986,4,2,324,656
2018,34,1390,0,4,570,816
2018,35,5609,1,17,2342,3249
2018,36,1312,3,6,725,578
2018,37,3525,8,9,1433,2075
2018,38,3360,3,3,1348,2006
2018,39,2312,5,8,991,1308
2018,40,2080,4,7,944,1125
2018,41,2734,4,8,1042,1680
2018,42,2563,5,8,974,1576
2018,43,977,2,1,491,483
2018,44,2210,6,3,793,1408
2018,45,1176,3,2,406,765
2018,46,2502,1,3,1135,1363
2018,47,3335,8,11,1292,2024
2018,48,2129,3,3,674,1449
2018,49,1672,4,5,537,1126
2018,50,1753,1,2,634,1116
2018,51,2634,2,5,985,1642
2018,52,2133,5,1,749,1378
2018,53,2420,2,12,970,1436
2018,54,1529,2,1,683,843
2018,55,1521,2,1,521,997
2018,56,2391,3,4,784,1600
2018,57,4726,6,8,1516,3196
2018,58,3577,4,0,1065,2508
2018,59,2939,5,6,1056,1872
2018,60,4446,9,6,1375,3056
2018,61,2660,3,3,754,1900
2018,62,535,1,0,133,401
2018,63,2228,2,2,841,1383
2018,64,3677,6,6,1359,2306
2018,65,1667,5,1,576,1085
2018,66,1582,0,2,601,979
2018,67,3421,4,3,1163,2251
2018,68,3565,6,12,1416,2131
2018,69,3044,5,9,1048,1982
2018,70,1526,3,1,606,916
2018,71,3132,6,15,1026,2085
2018,72,2577,0,10,999,1568
2018,73,2166,2,6,699,1459
2018,74,1766,1,6,652,1107
2018,75,2556,3,8,1058,1487
2018,76,2612,3,6,1107,1496
2018,77,3359,4,10,1040,2305
2018,78,2883,2,6,1096,1779
2018,79,1617,0,6,561,1050
2018,80,1912,4,4,645,1259
2018,83,4378,6,8,1656,2708
2018,84,5648,5,7,2283,3353
2018,85,3460,5,5,1443,2007
2018,86,2175,3,1,710,1461
2018,87,2734,3,2,947,1782
2018,88,1862,3,0,659,1200
2018,89,2603,10,4,888,1701
2018,90,2793,2,8,986,1797
2018,91,2991,5,4,1252,1730
2018,92,1837,4,5,775,1053
2018,93,5531,7,9,2397,3118
2018,94,1519,2,6,542,969
2018,95,2664,2,7,1029,1626
2018,96,4951,5,4,1954,2988
2018,97,2892,3,6,1073,1810
2018,98,4575,9,9,1712,2845
2018,99,6193,9,14,2064,4106
2018,100,4964,11,12,1822,3119
2018,101,2889,10,2,982,1895
2018,102,3611,10,1,1428,2172
2018,103,1955,2,0,778,1175
2018,104,2684,6,3,814,1861
2018,105,388,0,0,175,213
2018,106,719,2,2,217,498
2018,107,1498,4,0,547,947
2018,108,2397,2,0,780,1615
2018,109,2961,2,4,1015,1940
2018,110,1753,3,3,620,1127
2018,111,1062,5,0,414,643
2018,112,838,2,0,315,521
2018,113,15,0,0,4,11
2018,114,5032,9,10,1718,3295
2018,115,3075,5,2,882,2186
2018,116,2614,4,4,834,1772
2018,117,1631,4,1,551,1075
2018,257,4268,7,3,1275,2983
2018,120,3225,9,5,1113,2098
2018,121,1806,3,0,476,1327
2018,122,1006,2,2,329,673
2018,123,2388,4,5,831,1548
2018,124,1560,4,6,565,985
2018,125,589,2,1,142,444
2018,126,361,0,1,114,246
2018,127,2185,2,3,656,1524
2018,128,179,2,0,39,138
2018,129,770,1,0,165,604
2018,130,764,2,2,224,536
2018,131,1271,2,1,298,970
2018,132,117,3,0,61,53
2018,133,221,0,0,77,144
2018,134,3235,3,3,1065,2164
2018,135,147,0,1,40,106
2018,136,380,1,1,179,199
2018,137,219,0,0,104,115
2018,138,2316,3,3,880,1430
2018,139,344,2,0,77,265
2018,140,242,1,0,66,175
2018,141,604,3,1,220,380
2018,142,145,0,0,50,95
2018,143,256,0,1,99,156
2018,144,455,0,2,243,210
2018,145,218,0,0,81,137
2018,146,178,0,0,54,124
2018,147,255,0,1,105,149
2018,148,250,1,0,93,156
2018,149,751,2,5,231,513
2018,150,915,3,4,307,601
2018,151,617,1,0,199,417
2018,152,2756,2,4,1040,1710
2018,153,3227,12,5,1349,1861
2018,154,1716,2,2,770,942
2018,155,2323,7,6,943,1367
2018,156,4106,7,12,1744,2343
2018,157,3197,1,7,1506,1683
2018,158,1744,1,0,604,1139
2018,159,3155,9,7,1164,1975
2018,160,1191,5,1,520,665
2018,161,870,0,1,370,499
2018,162,681,2,1,275,403
2018,163,1333,1,6,571,755
2018,258,1310,5,5,588,712
2018,164,662,3,2,277,380
2018,165,586,1,1,250,334
2018,166,421,1,0,211,209
2018,167,299,1,0,122,176
2018,168,301,0,1,126,174
2018,169,154,0,1,65,88
2018,170,519,1,0,180,338
2018,171,352,0,0,110,242
2018,172,2629,5,4,1016,1604
2018,173,574,0,1,161,412
2018,174,630,3,3,248,376
2018,175,138,2,0,47,89
2018,176,417,1,1,160,255
2018,177,121,0,0,50,71
2018,178,509,4,1,224,280
2018,179,2670,5,6,977,1682
2018,180,104,0,0,38,66
2018,181,88,0,0,37,51
2018,182,2713,8,4,1178,1523
2018,183,2566,6,7,1035,1518
2018,184,816,3,0,310,503
2018,185,120,0,0,62,58
2018,186,3044,5,10,1036,1993
2018,187,2797,9,3,791,1994
2018,188,2280,4,2,740,1534
2018,189,743,2,1,306,434
2018,190,1096,2,3,319,772
2018,191,454,0,0,131,323
2018,192,435,2,2,134,297
2018,193,409,0,0,130,279
2018,194,237,0,0,87,150
2018,195,394,0,1,116,277
2018,196,427,2,0,144,281
2018,197,187,0,0,90,97
2018,198,379,2,1,152,224
2018,199,248,1,1,115,131
2018,200,250,1,0,75,174
2018,201,305,0,0,134,171
2018,202,174,0,0,65,109
2018,203,379,0,1,120,258
2018,204,445,2,2,180,261
2018,205,243,1,0,77,165
2018,206,157,0,0,46,111
2018,207,1922,4,7,825,1086
2018,208,2290,6,4,895,1385
2018,209,1998,7,2,794,1195
2018,210,3156,6,7,1361,1782
2018,211,2497,3,4,972,1518
2018,212,1240,0,1,408,831
2018,213,1063,1,4,366,692
2018,214,625,1,2,194,428
2018,215,853,1,2,364,486
2018,216,625,1,0,245,379
2018,217,478,2,0,142,334
2018,218,738,4,2,245,487
2018,219,280,1,0,102,177
2018,220,241,2,0,78,161
2018,221,372,4,0,157,211
2018,222,270,0,0,85,185
2018,223,147,1,0,29,117
2018,224,219,0,0,88,131
2018,225,297,0,0,124,173
2018,226,172,0,1,29,142
2018,227,65,1,0,11,53
2018,228,124,0,0,51,73
2018,229,148,0,0,47,101
2018,230,49,0,0,9,40
2018,231,2358,3,10,965,1380
2018,232,1722,1,4,696,1021
2018,233,1452,12,3,529,908
2018,234,1972,4,1,774,1193
2018,235,3364,6,5,1723,1630
2018,236,3764,6,7,1690,2061
2018,237,1694,1,3,710,980
2018,238,2318,5,4,988,1321
2018,239,1955,4,2,793,1156
2018,240,1332,2,1,413,916
2018,241,1290,3,3,392,892
2018,242,814,2,3,205,604
2018,243,679,4,2,246,427
2018,244,381,2,0,148,231
2018,245,224,0,0,76,148
2018,246,297,3,0,100,194
2018,247,339,1,0,157,181
2018,248,224,1,0,84,139
2018,249,197,0,0,65,132
2018,250,218,1,0,94,123
2018,251,179,0,0,72,107
2018,252,377,0,0,121,256
2018,253,145,0,1,49,95
2018,254,2315,6,1,854,1454
2018,255,3014,3,6,1083,1922
2018,256,3016,6,3,1036,1971
2017,0,2265,0,6,1061,1198
2017,1,2140,5,5,910,1220
2017,2,1652,1,3,785,863
2017,3,2911,4,1,1230,1676
2017,4,1664,2,5,734,923
2017,5,3733,1,5,1346,2381
2017,6,1716,5,5,701,1005
2017,7,3810,11,3,1547,2249
2017,8,4778,3,8,2094,2673
2017,9,5514,15,5,2304,3190
2017,10,2635,1,3,1072,1559
2017,11,2934,1,7,1226,1700
2017,12,4385,6,13,2220,2146
2017,13,1462,3,2,553,904
2017,14,3185,8,7,1014,2156
2017,15,3025,5,5,1141,1874
2017,16,4399,5,3,1533,2858
2017,17,4317,6,13,2069,2229
2017,18,5146,8,7,1979,3152
2017,19,4819,11,4,1888,2916
2017,20,4089,5,10,1645,2429
2017,21,1545,2,3,643,897
2017,22,4567,7,8,1725,2827
2017,23,3354,8,9,1448,1889
2017,24,3744,3,3,1590,2148
2017,25,5288,6,1,2274,3007
2017,26,4029,4,9,1538,2478
2017,27,884,1,4,364,515
2017,28,2191,3,2,834,1352
2017,29,1895,1,3,633,1258
2017,30,2796,1,7,1061,1727
2017,31,1848,1,6,1012,829
2017,32,2533,3,7,1102,1421
2017,33,1061,1,3,410,647
2017,34,1552,4,4,650,894
2017,35,5753,9,13,2459,3272
2017,36,1383,1,3,689,690
2017,37,3905,12,18,1708,2167
2017,38,3799,5,7,1547,2240
2017,39,2673,7,13,1279,1374
2017,40,1973,1,4,919,1049
2017,41,2782,9,6,1079,1688
2017,42,2570,2,6,1012,1550
2017,43,987,1,1,514,471
2017,44,2358,4,8,898,1448
2017,45,1271,1,2,526,742
2017,46,2140,4,4,1103,1029
2017,47,3099,6,6,1252,1835
2017,48,2158,4,4,701,1449
2017,49,1903,1,7,650,1245
2017,50,1804,4,3,673,1124
2017,51,2881,7,6,938,1930
2017,52,2306,6,1,776,1523
2017,53,2903,5,6,1253,1639
2017,54,1332,7,0,409,916
2017,55,1554,2,0,556,996
2017,56,2236,2,8,744,1482
2017,259,5088,5,23,1633,3427
2017,58,4520,6,14,1388,3112
2017,59,2824,3,5,940,1876
2017,60,4122,4,10,1193,2915
2017,61,2696,7,7,819,1863
2017,62,478,3,0,103,372
2017,63,2356,2,2,837,1515
2017,64,3891,3,3,1342,2543
2017,65,475,0,1,193,281
2017,66,1722,3,5,624,1090
2017,67,3442,0,7,1142,2293
2017,68,3730,3,5,1546,2176
2017,69,2851,3,12,927,1909
2017,70,1478,0,4,576,898
2017,71,3221,5,20,1145,2051
2017,72,2943,7,4,1288,1644
2017,73,2279,2,8,896,1373
2017,74,1808,2,5,769,1032
2017,75,2474,1,3,1043,1427
2017,76,2353,5,2,1073,1273
2017,77,4134,2,14,1232,2886
2017,78,2933,10,4,972,1947
2017,79,1886,3,4,652,1227
2017,80,2001,2,3,709,1287
2017,83,4115,4,9,1532,2570
2017,84,5839,6,8,2500,3325
2017,85,3517,4,8,1472,2033
2017,86,2462,3,5,861,1593
2017,87,2952,1,8,944,1999
2017,88,2055,2,4,763,1286
2017,89,2468,11,5,806,1646
2017,90,2558,6,6,999,1547
2017,91,3296,2,3,1323,1968
2017,92,1631,1,2,784,844
2017,93,5991,3,10,2690,3288
2017,94,1584,0,1,612,971
2017,95,2832,1,1,1051,1779
2017,96,4923,14,9,1765,3135
2017,97,3290,6,8,1136,2140
2017,98,4180,6,8,1295,2871
2017,99,5995,8,9,2067,3911
2017,260,5128,12,7,1938,3171
2017,101,2541,9,4,982,1546
2017,102,3734,8,8,1456,2262
2017,103,2231,2,4,861,1364
2017,104,2692,6,4,850,1832
2017,105,454,0,1,202,251
2017,106,705,0,3,208,494
2017,107,1268,2,1,507,758
2017,108,2083,8,2,619,1454
2017,109,2236,4,3,926,1303
2017,110,1757,2,3,618,1134
2017,111,1141,2,0,408,731
2017,112,799,4,2,268,525
2017,114,4948,6,15,1602,3325
2017,115,3127,5,8,961,2153
2017,116,2773,3,5,949,1816
2017,117,1500,1,1,574,924
2017,257,4375,8,7,1363,2997
2017,120,2884,6,6,1028,1844
2017,121,1767,1,4,508,1254
2017,122,1045,0,3,350,692
2017,123,2244,4,4,800,1436
2017,124,1635,2,5,504,1124
2017,125,669,2,1,216,450
2017,126,336,3,1,119,213
2017,127,2440,2,6,672,1760
2017,128,170,1,0,36,133
2017,129,874,3,3,206,662
2017,130,682,2,0,224,456
2017,131,1329,4,1,385,939
2017,132,114,0,1,48,65
2017,133,207,1,0,80,126
2017,134,4342,5,7,1407,2923
2017,135,157,2,0,42,113
2017,136,416,0,1,203,212
2017,137,241,1,0,96,144
2017,138,2661,6,5,1067,1583
2017,139,406,1,0,111,294
2017,140,299,2,1,108,188
2017,141,654,1,0,256,397
2017,142,138,1,0,58,79
2017,143,430,0,2,249,179
2017,144,543,2,2,289,250
2017,145,195,0,0,69,126
2017,146,205,3,0,84,118
2017,147,263,1,0,88,174
2017,148,284,2,2,102,178
2017,149,663,0,2,208,453
2017,150,1179,6,4,479,690
2017,151,634,0,1,241,392
2017,152,2477,5,5,919,1548
2017,153,3374,8,2,1366,1998
2017,154,1728,6,5,780,937
2017,155,2252,2,4,913,1333
2017,156,4080,9,10,1513,2548
2017,157,2807,7,6,1342,1452
2017,158,2155,5,0,868,1282
2017,159,3336,7,8,1423,1898
2017,160,1193,3,3,485,702
2017,161,954,0,1,533,420
2017,162,723,2,1,307,413
2017,163,1315,3,2,551,759
2017,258,1308,6,3,584,715
2017,164,673,2,0,264,407
2017,165,512,3,0,214,295
2017,166,381,1,0,204,176
2017,167,295,2,1,138,154
2017,168,287,0,1,145,141
2017,169,144,1,0,71,72
2017,170,8,0,0,3,5
2017,171,380,0,0,174,206
2017,172,2651,6,6,1025,1614
2017,173,601,2,1,176,422
2017,174,705,1,0,259,445
2017,175,169,1,1,60,107
2017,176,473,0,0,198,275
2017,177,145,0,0,58,87
2017,178,528,1,0,202,325
2017,179,2409,6,7,911,1485
2017,180,118,0,1,45,72
2017,181,121,0,0,49,72
2017,182,2402,3,6,976,1417
2017,183,2700,4,5,986,1705
2017,184,814,0,0,277,537
2017,185,104,0,0,42,62
2017,186,3064,8,5,1015,2036
2017,187,2738,4,5,821,1908
2017,188,2525,5,4,809,1707
2017,189,658,2,1,273,382
2017,190,1080,0,2,353,725
2017,191,503,2,0,187,314
2017,192,486,1,0,169,316
2017,193,335,2,0,123,210
2017,194,282,3,0,104,175
2017,195,405,0,0,139,266
2017,196,335,2,1,95,237
2017,197,162,0,0,88,74
2017,198,334,0,0,147,187
2017,199,290,1,1,116,172
2017,200,225,1,0,69,155
2017,201,291,3,0,134,154
2017,202,157,0,0,65,92
2017,203,413,2,0,92,319
2017,204,453,0,1,214,238
2017,205,233,0,0,82,151
2017,206,188,0,0,62,126
2017,207,2132,5,11,975,1141
2017,208,2421,1,8,967,1445
2017,209,2376,1,8,1028,1339
2017,210,3508,9,8,1566,1925
2017,211,2645,0,4,1051,1590
2017,212,1430,2,1,479,948
2017,213,1038,4,3,366,665
2017,214,641,1,1,207,432
2017,215,819,2,1,330,486
2017,216,641,3,1,270,367
2017,217,514,1,0,153,360
2017,218,749,4,1,276,468
2017,219,290,0,0,125,165
2017,220,306,2,0,128,176
2017,221,353,4,1,171,177
2017,222,266,2,0,109,155
2017,223,94,0,0,29,65
2017,224,176,2,0,70,104
2017,225,308,1,0,137,170
2017,226,178,0,0,57,121
2017,227,108,3,0,23,82
2017,228,111,0,0,51,60
2017,229,160,0,0,58,102
2017,230,60,0,0,9,51
2017,231,2353,5,3,1016,1329
2017,232,1756,3,7,732,1014
2017,233,1349,4,7,489,849
2017,234,1885,2,3,760,1120
2017,235,3333,9,4,1641,1679
2017,236,3560,5,7,1505,2043
2017,237,1806,3,1,762,1040
2017,238,2135,5,7,832,1291
2017,239,2533,7,4,977,1545
2017,240,1593,1,1,549,1042
2017,241,1349,3,4,479,863
2017,242,860,4,1,232,623
2017,243,740,0,2,286,452
2017,244,336,1,1,112,222
2017,245,202,0,1,49,152
2017,246,322,2,1,119,200
2017,247,426,4,1,174,247
2017,248,242,1,1,76,164
2017,249,216,1,1,99,115
2017,250,177,2,0,68,107
2017,251,172,1,0,68,103
2017,252,380,2,2,126,250
2017,253,178,0,0,60,118
2017,254,2293,2,2,858,1431
2017,255,3218,9,22,1214,1973
2017,256,3028,7,11,1141,1869
2016,0,2544,2,3,1204,1335
2016,1,2253,4,6,952,1291
2016,2,1842,1,5,946,890
2016,3,3490,6,5,1503,1976
2016,4,1968,2,6,988,972
2016,5,3886,4,9,1489,2384
2016,6,1971,2,3,790,1176
2016,7,4597,5,10,1940,2642
2016,8,5474,4,4,2527,2939
2016,9,5966,13,19,2341,3593
2016,10,2922,4,3,1296,1619
2016,11,2902,8,7,1226,1661
2016,12,5043,4,11,2636,2392
2016,13,1917,4,4,781,1128
2016,14,4012,7,5,1222,2778
2016,15,3470,6,7,1264,2193
2016,16,4877,8,14,1691,3164
2016,17,4801,3,24,2438,2336
2016,18,5356,6,12,2103,3235
2016,19,5175,9,10,1952,3204
2016,20,4302,4,14,1754,2530
2016,21,1619,2,5,680,932
2016,22,5093,9,10,1910,3164
2016,23,3584,4,9,1733,1838
2016,24,3981,5,7,1719,2250
2016,25,5856,9,15,2543,3289
2016,26,4384,5,6,1857,2516
2016,27,977,1,4,472,500
2016,28,2428,2,5,885,1536
2016,29,2315,3,5,866,1441
2016,30,2832,2,15,1149,1666
2016,31,1781,6,10,902,863
2016,32,2600,3,21,1123,1453
2016,33,1266,4,7,551,704
2016,34,1614,6,8,749,851
2016,35,6282,5,16,3017,3244
2016,36,1466,1,2,773,690
2016,37,3837,7,10,1689,2131
2016,38,3702,5,11,1576,2110
2016,39,2550,9,10,1160,1371
2016,40,2167,4,6,1017,1140
2016,41,2791,9,7,1149,1626
2016,42,2567,2,10,974,1581
2016,43,945,2,3,501,439
2016,44,2576,6,12,1034,1524
2016,45,1224,1,4,551,668
2016,46,2280,0,2,1158,1120
2016,47,3456,3,8,1209,2236
2016,48,2501,7,5,756,1733
2016,49,1863,4,5,701,1153
2016,50,2089,1,4,894,1190
2016,51,3323,3,10,1214,2096
2016,52,2301,3,3,850,1445
2016,53,3359,5,5,1413,1936
2016,54,1234,2,5,448,779
2016,55,1413,2,4,541,866
2016,56,2522,3,2,748,1769
2016,259,5131,12,17,1675,3427
2016,58,5660,5,19,1802,3834
2016,59,2936,3,5,1190,1738
2016,60,3892,9,14,1170,2699
2016,61,2856,8,14,849,1985
2016,62,519,0,1,120,398
2016,63,2687,6,8,1058,1615
2016,64,3789,2,8,1407,2372
2016,66,1985,3,8,832,1142
2016,67,3718,2,11,1417,2288
2016,68,3943,6,7,1788,2142
2016,69,3268,5,17,1247,1999
2016,70,1801,1,4,768,1028
2016,71,3729,3,6,1472,2248
2016,72,3022,7,7,1340,1668
2016,73,2291,1,5,1032,1253
2016,74,1859,6,8,801,1044
2016,75,2694,3,4,1085,1602
2016,76,2621,5,5,1253,1358
2016,77,4443,9,13,1509,2912
2016,78,3430,8,12,1183,2227
2016,79,2091,4,5,716,1366
2016,80,2101,1,3,809,1288
2016,83,4271,7,6,1585,2673
2016,84,5858,13,12,2538,3295
2016,85,3431,9,8,1511,1903
2016,86,2623,6,4,959,1654
2016,87,3112,4,3,1039,2066
2016,88,2258,1,3,838,1416
2016,89,2959,4,2,1193,1760
2016,90,3142,5,2,1211,1924
2016,91,3450,0,13,1566,1871
2016,92,2051,4,3,958,1086
2016,93,6299,8,13,2755,3523
2016,94,2003,5,1,762,1235
2016,95,3301,2,4,1221,2074
2016,96,5424,16,8,1994,3406
2016,97,3726,8,11,1294,2413
2016,98,4666,15,9,1501,3141
2016,99,5660,10,8,1812,3830
2016,260,5075,10,2,1958,3105
2016,101,2511,8,3,932,1568
2016,102,4138,12,5,1496,2625
2016,103,2383,3,0,965,1415
2016,104,2686,13,4,880,1789
2016,105,463,1,1,160,301
2016,106,805,2,1,234,568
2016,107,1323,3,0,529,791
2016,108,2135,1,2,634,1498
2016,109,2314,4,6,1007,1297
2016,110,1913,6,3,785,1119
2016,111,1142,7,0,448,687
2016,112,821,7,2,281,531
2016,114,5094,13,17,1752,3312
2016,115,3194,4,8,1123,2059
2016,116,4032,7,3,1458,2564
2016,117,63,0,0,22,41
2016,257,4896,10,9,1476,3401
2016,120,3387,5,4,1293,2085
2016,121,1772,2,2,446,1322
2016,122,1074,1,0,344,729
2016,123,2486,6,1,936,1543
2016,124,1668,6,3,548,1111
2016,125,674,1,0,201,472
2016,126,379,2,0,143,234
2016,127,2591,0,5,762,1824
2016,128,186,2,0,53,131
2016,129,886,3,2,178,703
2016,130,812,2,0,225,585
2016,131,1329,0,5,392,932
2016,132,123,1,0,56,66
2016,133,221,1,0,69,151
2016,134,4261,7,2,1311,2941
2016,135,184,1,0,50,133
2016,136,455,3,2,240,210
2016,137,227,1,0,101,125
2016,138,2946,6,5,1117,1818
2016,139,504,0,3,118,383
2016,140,278,0,0,120,158
2016,141,626,0,3,203,420
2016,142,135,0,0,43,92
2016,143,311,1,1,128,181
2016,144,456,2,2,221,231
2016,145,229,0,0,91,138
2016,146,219,0,0,92,127
2016,147,249,3,0,98,148
2016,148,299,0,2,108,189
2016,149,913,5,2,282,624
2016,150,1272,4,2,463,803
2016,151,755,3,1,280,471
2016,152,3050,5,7,1345,1693
2016,153,3636,2,6,1309,2319
2016,154,1832,8,0,783,1041
2016,155,2594,0,4,1058,1532
2016,156,3794,12,4,1725,2053
2016,157,3104,3,4,1555,1542
2016,158,2231,6,5,922,1298
2016,159,3130,5,9,1254,1862
2016,160,1150,3,1,580,566
2016,161,849,2,6,439,402
2016,162,868,2,7,462,397
2016,163,1480,2,3,607,868
2016,258,1471,2,4,639,826
2016,164,779,5,1,351,422
2016,165,589,2,2,266,319
2016,166,382,4,0,206,172
2016,167,274,4,2,135,133
2016,168,326,1,2,152,171
2016,169,158,0,0,73,85
2016,171,395,1,0,148,246
2016,172,2773,3,8,1004,1758
2016,173,689,1,0,241,447
2016,174,707,0,2,239,466
2016,175,135,0,0,61,74
2016,176,373,0,1,143,229
2016,177,104,0,0,46,58
2016,178,567,1,0,257,309
2016,179,2879,9,15,1152,1703
2016,180,125,0,0,43,82
2016,181,140,0,0,61,79
2016,182,2500,2,7,1113,1378
2016,183,2996,8,5,1273,1710
2016,184,823,3,1,246,573
2016,185,82,0,0,38,44
2016,186,3603,6,5,1264,2328
2016,187,3039,3,6,1064,1966
2016,188,2596,5,4,882,1705
2016,189,832,2,0,366,464
2016,190,1086,2,5,398,681
2016,191,467,2,0,169,296
2016,192,601,2,2,201,396
2016,193,385,0,0,125,260
2016,194,321,0,0,147,174
2016,195,457,0,0,131,326
2016,196,390,2,0,137,251
2016,197,177,2,0,89,86
2016,198,486,0,0,192,294
2016,199,389,1,1,189,198
2016,200,248,2,1,95,150
2016,201,341,1,0,151,189
2016,202,169,0,1,56,112
2016,203,384,2,0,101,281
2016,204,530,2,2,240,286
2016,205,273,0,1,95,177
2016,206,203,1,1,76,125
2016,207,2453,6,6,1139,1302
2016,208,2414,2,1,963,1448
2016,209,2209,8,6,970,1225
2016,210,3753,5,15,1562,2171
2016,211,2975,3,6,1318,1648
2016,212,1634,2,1,575,1056
2016,213,1216,1,1,448,766
2016,214,755,2,1,269,483
2016,215,872,3,1,344,524
2016,216,673,1,2,261,409
2016,217,585,0,0,228,357
2016,218,949,3,4,333,609
2016,219,274,1,0,102,171
2016,220,302,1,0,115,186
2016,221,327,3,1,155,168
2016,222,261,1,0,86,174
2016,223,121,1,0,36,84
2016,224,211,0,0,90,121
2016,225,314,0,0,113,201
2016,226,169,1,0,36,132
2016,227,85,0,0,16,69
2016,228,133,0,1,50,82
2016,229,211,2,0,69,140
2016,230,51,1,0,7,43
2016,231,2314,3,6,977,1328
2016,232,1952,4,6,830,1112
2016,233,1387,3,5,522,857
2016,234,2171,5,5,868,1293
2016,235,3465,5,6,1701,1753
2016,236,3685,6,4,1467,2208
2016,237,1905,3,6,919,977
2016,238,2475,4,7,974,1490
2016,240,1572,3,4,553,1012
2016,241,1521,3,1,548,969
2016,242,893,3,1,302,587
2016,239,2800,2,5,1116,1677
2016,243,911,2,4,412,493
2016,244,520,1,0,233,286
2016,245,205,1,2,60,142
2016,246,300,2,0,129,169
2016,247,489,2,1,181,305
2016,248,305,0,0,129,176
2016,249,212,1,0,77,134
2016,250,226,1,0,63,162
2016,251,202,1,1,85,115
2016,252,378,0,3,138,237
2016,253,166,1,0,53,112
2016,254,2550,1,1,922,1626
2016,255,3776,12,8,1310,2446
2016,256,3275,3,16,1259,1997
2015,0,2755,2,3,1395,1355
2015,1,2357,3,6,1070,1278
2015,2,2029,1,6,1153,869
2015,3,3875,2,5,1812,2056
2015,4,2137,3,5,1114,1015
2015,5,3626,5,14,1557,2050
2015,6,2151,2,2,953,1194
2015,7,4547,5,13,1981,2548
2015,8,5560,8,14,2555,2983
2015,9,6572,14,22,2964,3572
2015,10,3232,4,9,1607,1612
2015,11,3789,5,9,1865,1910
2015,12,5669,4,14,3026,2625
2015,13,2015,2,2,819,1192
2015,14,4104,7,14,1434,2649
2015,15,3630,3,6,1567,2054
2015,16,5006,13,11,2135,2847
2015,17,4894,3,15,2411,2465
2015,18,6025,9,12,2706,3298
2015,19,5323,7,13,2096,3207
2015,20,5088,4,6,2366,2712
2015,21,1853,3,3,832,1015
2015,22,5365,8,15,2335,3007
2015,23,3849,7,8,1982,1852
2015,24,4408,3,6,1890,2509
2015,25,6558,11,13,3239,3295
2015,26,4933,10,7,2193,2723
2015,27,1202,1,1,653,547
2015,28,2564,1,7,1095,1461
2015,29,2562,3,9,1063,1487
2015,30,3274,10,6,1439,1819
2015,31,1758,3,10,932,813
2015,32,2969,4,21,1305,1639
2015,33,1197,2,3,511,681
2015,34,1764,5,7,889,863
2015,35,6444,9,19,3323,3093
2015,36,1513,2,6,771,734
2015,37,4459,4,18,2201,2236
2015,38,4508,4,12,2375,2117
2015,39,2901,6,17,1430,1448
2015,40,2572,4,3,1240,1325
2015,41,3332,6,9,1708,1609
2015,42,2933,3,15,1212,1703
2015,43,969,1,1,522,445
2015,44,2598,3,14,1040,1541
2015,45,1291,3,6,657,625
2015,46,2826,1,4,1675,1146
2015,47,3785,5,8,1739,2033
2015,48,3129,4,6,1159,1960
2015,49,2290,4,4,1132,1150
2015,50,2493,4,7,1344,1138
2015,51,3696,5,9,1724,1958
2015,52,2517,3,1,1044,1469
2015,53,3976,6,16,1690,2264
2015,54,1311,1,4,562,744
2015,55,1539,3,1,698,837
2015,56,2297,6,8,723,1560
2015,259,4726,9,27,1651,3039
2015,58,5571,17,26,2115,3413
2015,59,2931,5,15,1201,1710
2015,60,4188,4,5,1359,2820
2015,61,2810,2,10,1035,1763
2015,62,477,0,1,139,337
2015,63,2565,4,5,1051,1505
2015,64,3250,4,6,1396,1844
2015,66,2263,3,5,1100,1155
2015,67,4548,5,10,2050,2483
2015,68,5210,5,14,2570,2621
2015,69,4012,4,12,1743,2253
2015,70,2047,1,3,962,1081
2015,71,4422,4,22,2117,2279
2015,72,3390,6,16,1780,1588
2015,73,2835,0,4,1382,1449
2015,74,2199,6,5,1148,1040
2015,75,4829,7,15,2638,2169
2015,76,742,1,2,437,302
2015,77,5195,3,20,1977,3195
2015,78,3908,9,5,1704,2190
2015,79,2290,5,3,815,1467
2015,80,2371,5,1,960,1405
2015,114,5664,7,15,2311,3331
2015,115,3292,10,7,1361,1914
2015,261,4265,7,7,1923,2328
2015,257,5030,11,12,1895,3112
2015,120,3252,7,5,1138,2102
2015,121,2084,3,5,729,1347
2015,122,1266,3,0,418,845
2015,123,2621,3,6,1039,1573
2015,124,1859,7,3,597,1252
2015,125,803,0,3,278,522
2015,126,507,1,0,167,339
2015,83,4721,4,9,1971,2737
2015,84,6074,3,17,2816,3238
2015,85,3832,6,12,1733,2081
2015,86,2638,6,3,994,1635
2015,87,2785,2,4,1146,1633
2015,88,2439,2,5,950,1482
2015,89,2907,2,19,1030,1856
2015,90,3538,4,9,1356,2169
2015,91,3301,4,2,1559,1736
2015,92,2170,4,11,1030,1125
2015,93,6586,12,10,3197,3367
2015,94,2019,4,4,832,1179
2015,95,3142,2,4,1227,1909
2015,96,6076,10,26,2449,3591
2015,97,4514,10,16,1717,2771
2015,98,4737,15,14,1791,2917
2015,99,5565,7,20,2162,3376
2015,260,5304,10,11,2364,2919
2015,101,2460,10,5,1034,1411
2015,102,4009,9,7,1847,2146
2015,103,2219,3,4,951,1261
2015,104,2827,12,4,1072,1739
2015,105,390,2,0,172,216
2015,106,818,0,2,312,504
2015,107,1347,1,2,583,761
2015,108,1898,5,8,652,1233
2015,109,2603,6,7,1097,1493
2015,110,1996,2,2,860,1132
2015,111,1115,4,5,416,690
2015,112,910,3,1,283,623
2015,127,2466,5,8,829,1624
2015,128,245,0,0,82,163
2015,129,1044,2,0,290,752
2015,130,725,0,0,196,529
2015,131,1356,1,0,439,916
2015,132,132,0,0,63,69
2015,133,250,1,0,88,161
2015,134,4280,10,9,1780,2481
2015,135,205,0,0,75,130
2015,136,414,2,1,230,181
2015,137,232,1,1,96,134
2015,138,2777,6,9,1131,1631
2015,139,437,0,0,131,306
2015,140,330,0,1,147,182
2015,141,529,1,5,188,335
2015,142,109,0,0,46,63
2015,143,333,4,1,155,173
2015,144,527,1,3,291,232
2015,145,212,0,0,76,136
2015,146,206,3,0,90,113
2015,147,332,0,1,123,208
2015,148,371,1,0,168,202
2015,149,935,0,1,384,550
2015,150,1265,7,2,524,732
2015,151,657,1,0,293,363
2015,152,3089,7,15,1482,1585
2015,153,4155,5,7,1872,2271
2015,154,2050,2,6,922,1120
2015,155,2803,7,8,1338,1450
2015,156,3751,8,13,1905,1825
2015,157,3567,4,9,2038,1516
2015,158,2140,3,8,1026,1103
2015,159,3244,9,2,1488,1745
2015,160,1212,6,4,688,514
2015,161,827,2,0,425,400
2015,162,1162,8,3,689,462
2015,163,1531,3,3,764,761
2015,258,1112,3,0,647,462
2015,164,719,2,2,373,342
2015,165,712,0,3,352,357
2015,166,459,0,1,293,165
2015,167,341,1,0,208,132
2015,168,379,3,2,218,156
2015,169,202,1,1,110,90
2015,171,461,0,1,173,287
2015,172,3279,5,7,1463,1804
2015,173,836,1,1,357,477
2015,174,736,0,2,291,443
2015,175,177,1,0,76,100
2015,176,487,0,1,214,272
2015,177,154,0,0,65,89
2015,178,592,1,0,268,323
2015,179,3150,8,14,1389,1739
2015,180,164,1,0,76,87
2015,181,154,0,0,89,65
2015,182,3262,4,9,1752,1497
2015,183,3336,7,12,1656,1661
2015,184,1135,2,0,567,566
2015,185,108,0,0,52,56
2015,186,4262,3,10,1605,2644
2015,187,2827,6,6,1032,1783
2015,188,2862,2,9,1192,1659
2015,189,858,5,3,379,471
2015,190,1262,3,1,472,786
2015,191,584,2,0,214,368
2015,192,669,1,0,289,379
2015,193,327,1,1,139,186
2015,194,357,0,0,154,203
2015,195,496,1,1,216,278
2015,196,426,0,1,192,233
2015,197,222,1,0,97,124
2015,198,550,2,0,222,326
2015,199,399,1,3,195,200
2015,200,330,0,0,121,209
2015,201,305,1,0,141,163
2015,202,167,0,0,68,99
2015,203,394,1,2,116,275
2015,204,628,2,1,300,325
2015,205,304,3,0,111,190
2015,206,190,0,0,53,137
2015,207,2643,6,9,1297,1331
2015,208,2587,4,7,1135,1441
2015,209,2738,4,2,1348,1384
2015,210,4419,5,13,2211,2190
2015,211,2573,3,14,1174,1382
2015,212,1713,2,0,678,1033
2015,213,1261,1,3,505,752
2015,214,786,1,9,250,526
2015,215,781,2,5,303,471
2015,216,711,1,1,321,388
2015,217,657,1,1,234,421
2015,218,868,4,3,322,539
2015,219,274,0,0,120,154
2015,220,315,1,1,116,197
2015,221,286,2,1,137,146
2015,222,271,2,0,89,180
2015,223,167,1,0,53,113
2015,224,211,3,0,81,127
2015,225,356,0,0,148,208
2015,226,216,0,1,64,151
2015,227,106,1,0,35,70
2015,228,151,0,0,66,85
2015,229,250,0,1,128,121
2015,230,61,0,0,4,57
2015,231,3046,4,10,1554,1478
2015,232,2569,4,6,1360,1199
2015,233,1905,4,3,869,1029
2015,234,2477,3,5,1257,1212
2015,235,3724,4,13,2029,1678
2015,236,4016,6,14,1800,2196
2015,237,1884,2,3,938,941
2015,238,2671,8,2,1205,1456
2015,240,1867,6,2,816,1043
2015,241,1606,4,3,598,1001
2015,242,1043,4,4,360,675
2015,239,3027,3,4,1395,1625
2015,243,823,5,1,331,486
2015,244,409,0,0,148,261
2015,245,243,0,1,95,147
2015,246,320,3,2,99,216
2015,247,600,1,2,254,343
2015,248,293,1,1,104,187
2015,249,263,3,3,107,150
2015,250,182,1,0,69,112
2015,251,211,0,1,88,122
2015,252,571,1,3,290,277
2015,253,168,0,1,62,105
2015,254,2311,1,4,928,1378
2015,255,4029,11,17,1797,2204
2015,256,3427,15,12,1498,1902
2014,0,2789,3,8,1364,1414
2014,1,2267,3,6,975,1283
2014,2,2221,3,5,1212,1001
2014,3,4009,3,4,1883,2119
2014,4,2528,0,6,1297,1225
2014,5,3586,1,7,1560,2018
2014,6,2369,6,7,1141,1215
2014,7,4222,12,13,1809,2388
2014,8,5475,4,22,2763,2686
2014,9,6753,14,10,3080,3649
2014,10,3441,1,5,1753,1682
2014,11,3666,2,9,1787,1868
2014,12,6019,8,16,3167,2828
2014,13,2326,0,13,1010,1303
2014,14,3841,6,21,1494,2320
2014,15,3680,7,9,1552,2112
2014,16,5190,11,14,2390,2775
2014,17,5052,8,19,2340,2685
2014,18,6420,7,25,3029,3359
2014,19,5075,8,9,2341,2717
2014,20,5244,5,10,2425,2804
2014,21,2072,2,9,989,1072
2014,22,5137,3,14,2377,2743
2014,23,3854,4,12,2018,1820
2014,24,4513,5,11,2058,2439
2014,25,7749,9,9,4199,3532
2014,26,5139,5,8,2404,2722
2014,27,1419,2,2,729,686
2014,28,2917,5,11,1342,1559
2014,29,2952,6,11,1350,1585
2014,30,3287,5,18,1555,1709
2014,31,1815,4,7,923,881
2014,32,3150,2,7,1633,1508
2014,33,1216,3,5,515,693
2014,34,1699,4,3,769,923
2014,35,6291,6,20,3312,2953
2014,36,1451,5,6,732,708
2014,37,5265,4,10,3001,2250
2014,38,4412,9,18,2289,2096
2014,39,3556,12,21,1985,1538
2014,40,2997,4,3,1456,1534
2014,41,3521,6,18,1639,1858
2014,42,2858,2,0,1368,1488
2014,43,845,1,1,490,353
2014,44,2961,6,6,1260,1689
2014,45,1219,2,6,597,614
2014,49,2293,0,4,1064,1225
2014,52,2531,4,1,1217,1309
2014,54,1361,2,2,674,683
2014,47,4346,5,20,2390,1931
2014,50,2394,3,6,1339,1046
2014,48,3009,6,8,1295,1700
2014,53,3979,2,8,1933,2036
2014,51,3959,5,5,2118,1831
2014,46,2984,6,7,1842,1129
2014,55,1565,1,3,732,829
2014,56,2283,6,8,777,1492
2014,259,4724,10,26,1814,2874
2014,58,5010,16,16,1855,3123
2014,59,2845,4,13,1260,1568
2014,60,3879,5,16,1283,2575
2014,61,2306,3,12,648,1643
2014,62,448,1,0,102,345
2014,63,2179,5,4,848,1322
2014,64,2927,0,15,1131,1781
2014,66,2568,2,15,1256,1295
2014,67,5295,8,9,2668,2610
2014,68,5871,6,16,2963,2886
2014,69,4644,3,10,2396,2235
2014,70,2279,0,3,1108,1168
2014,71,3882,2,30,2213,1637
2014,72,3443,9,11,2234,1189
2014,73,2612,3,6,1549,1054
2014,74,2186,7,10,1375,794
2014,75,6285,8,25,4056,2196
2014,77,4775,8,18,1932,2817
2014,78,4029,8,8,1942,2071
2014,79,2289,5,3,896,1385
2014,80,2386,2,3,1017,1364
2014,83,4279,4,7,1990,2278
2014,84,5923,8,13,2895,3007
2014,85,3999,4,11,1910,2074
2014,86,2608,5,9,994,1600
2014,87,2667,2,3,1177,1485
2014,88,2720,1,4,1285,1430
2014,89,3070,2,7,1270,1791
2014,90,3630,5,8,1533,2084
2014,91,3536,5,15,1745,1771
2014,92,2410,2,4,1218,1186
2014,93,6682,9,16,3531,3126
2014,94,2017,1,4,935,1077
2014,95,3757,3,11,1666,2077
2014,96,5246,10,16,2422,2798
2014,97,3969,2,3,1819,2145
2014,98,4596,13,12,1883,2688
2014,99,6182,8,20,2824,3330
2014,260,4767,5,11,2267,2484
2014,101,2338,8,6,1120,1204
2014,102,3801,8,15,1818,1960
2014,103,2215,0,1,1087,1127
2014,104,2564,3,8,1029,1524
2014,105,483,1,1,239,242
2014,106,783,1,1,296,485
2014,107,1350,1,4,573,772
2014,108,2109,4,13,733,1359
2014,109,2599,6,6,1143,1444
2014,110,1827,5,3,851,968
2014,111,1062,5,3,396,658
2014,112,660,3,2,225,430
2014,114,5952,9,13,2602,3328
2014,115,3384,5,4,1522,1853
2014,261,4208,6,13,2169,2020
2014,257,4598,9,15,1789,2785
2014,120,3309,10,10,1272,2017
2014,121,1867,1,11,753,1102
2014,122,1325,2,4,395,924
2014,123,2443,3,7,1018,1415
2014,124,1773,5,4,758,1006
2014,125,819,2,2,356,459
2014,126,477,1,0,200,276
2014,127,2532,3,11,1050,1468
2014,128,264,2,1,70,191
2014,129,1052,0,4,326,722
2014,130,759,0,1,303,455
2014,131,1189,1,2,391,795
2014,132,117,1,1,51,64
2014,133,257,1,3,78,175
2014,134,4408,6,12,1793,2597
2014,135,163,0,0,68,95
2014,136,344,3,2,192,147
2014,137,237,0,0,124,113
2014,138,2891,2,13,1109,1767
2014,139,377,1,1,113,262
2014,140,287,1,0,114,172
2014,141,578,2,4,228,344
2014,142,128,0,0,50,78
2014,143,322,2,1,143,176
2014,144,595,2,2,332,259
2014,145,222,1,0,97,124
2014,146,203,0,0,96,107
2014,147,303,1,0,150,152
2014,148,387,0,0,172,215
2014,149,752,3,3,348,398
2014,150,1448,6,6,582,854
2014,151,661,1,2,299,359
2014,152,2736,4,13,1357,1362
2014,153,4617,6,18,2356,2237
2014,154,2091,4,4,1092,991
2014,155,2730,5,7,1351,1367
2014,156,3936,10,19,1991,1916
2014,157,3908,7,14,2428,1459
2014,158,2138,10,4,1083,1041
2014,159,3139,7,8,1428,1696
2014,160,1262,7,5,773,477
2014,161,987,2,3,585,397
2014,162,1186,4,9,721,452
2014,163,1403,4,4,718,677
2014,258,962,0,1,595,366
2014,164,749,4,6,404,335
2014,165,715,3,2,397,313
2014,166,492,2,3,317,170
2014,167,326,0,0,178,148
2014,168,421,0,1,247,173
2014,169,224,3,1,114,106
2014,171,448,0,0,198,250
2014,172,3027,4,8,1295,1720
2014,173,775,2,2,367,404
2014,174,599,2,0,248,349
2014,175,200,0,1,97,102
2014,176,420,0,1,186,233
2014,177,134,1,0,58,75
2014,178,553,3,4,253,293
2014,179,3295,5,13,1749,1528
2014,180,141,0,0,69,72
2014,181,100,0,1,52,47
2014,182,3347,4,19,1912,1412
2014,183,3663,5,11,1887,1760
2014,184,1110,3,4,492,611
2014,185,110,1,0,46,63
2014,186,3645,6,13,1699,1927
2014,187,2769,3,8,1131,1627
2014,188,3033,4,5,1345,1679
2014,189,841,2,1,360,478
2014,190,1258,2,1,488,767
2014,191,406,2,0,177,227
2014,192,655,1,0,255,399
2014,193,246,2,0,107,137
2014,194,309,0,0,139,170
2014,195,610,2,1,366,241
2014,196,408,2,0,175,231
2014,197,209,0,0,92,117
2014,198,575,2,3,265,305
2014,199,307,3,1,156,147
2014,200,239,1,1,103,134
2014,201,337,3,0,161,173
2014,202,234,1,0,126,107
2014,203,436,1,0,126,309
2014,204,694,1,3,345,345
2014,205,322,3,0,122,197
2014,206,203,2,0,74,127
2014,207,2549,8,5,1236,1300
2014,208,2672,6,2,1328,1336
2014,209,2301,5,3,1198,1095
2014,210,4449,5,20,2311,2113
2014,211,2748,7,4,1406,1331
2014,212,1603,0,0,753,850
2014,213,1129,1,3,569,556
2014,214,746,4,3,280,459
2014,215,736,2,2,303,429
2014,216,845,4,0,415,426
2014,217,557,0,1,265,291
2014,218,1058,3,3,544,508
2014,219,324,0,1,139,184
2014,220,387,3,4,175,205
2014,221,212,0,2,102,108
2014,222,276,1,0,109,166
2014,223,180,0,0,65,115
2014,224,208,3,0,96,109
2014,225,337,0,0,171,166
2014,226,193,1,1,46,145
2014,227,93,0,0,26,67
2014,228,141,0,1,83,57
2014,229,266,1,0,117,148
2014,230,59,0,0,6,53
2014,231,2624,6,9,1399,1210
2014,232,2392,3,8,1262,1119
2014,233,1775,4,5,863,903
2014,234,2458,3,14,1315,1126
2014,235,3873,12,7,2267,1587
2014,236,3954,4,1,1958,1991
2014,237,2834,3,6,1825,1000
2014,238,2707,5,9,1277,1416
2014,240,1498,3,1,675,819
2014,241,1698,4,3,814,877
2014,242,1137,2,1,435,699
2014,239,2473,5,5,1229,1234
2014,243,867,1,3,457,406
2014,244,366,2,0,168,196
2014,245,205,3,0,75,127
2014,246,354,3,0,167,184
2014,247,630,3,2,279,346
2014,248,295,0,0,108,187
2014,249,293,0,0,119,174
2014,250,275,0,0,116,159
2014,251,213,2,0,93,118
2014,252,522,4,5,237,276
2014,253,173,0,0,77,96
2014,254,2308,1,3,1120,1184
2014,255,4218,7,9,2149,2053
2014,256,3607,9,13,1700,1885