발생년도,경찰서,소계,살인,강도,절도,폭력
2020,서울중부서,1944,1,3,943,997
2020,서울종로서,1579,9,4,602,964
2020,서울남대문서,1281,1,2,699,579
2020,서울서대문서,2374,3,2,1077,1292
2020,서울혜화서,1331,0,3,581,747
2020,서울용산서,2739,5,6,1111,1617
2020,서울성북서,1113,0,2,439,672
2020,서울동대문서,3240,10,6,1440,1784
2020,서울마포서,3340,9,4,1483,1844
2020,서울영등포서,4902,7,6,2188,2701
2020,서울성동서,2247,5,3,1016,1223
2020,서울동작서,2974,1,1,1341,1631
2020,서울광진서,3346,2,4,1664,1676
2020,서울서부서,1286,3,3,532,748
2020,서울강북서,2611,9,5,780,1817
2020,서울금천서,2481,4,7,999,1471
2020,서울중랑서,3543,10,5,1506,2022
2020,서울강남서,4241,5,12,1941,2283
2020,서울관악서,4858,12,3,2229,2614
2020,서울강서서,4150,10,6,1689,2445
2020,서울강동서,3600,3,15,1640,1942
2020,서울종암서,1312,4,1,549,758
2020,서울구로서,3978,6,5,1763,2204
2020,서울서초서,3432,4,5,1673,1750
2020,서울양천서,3107,5,3,1517,1582
2020,서울송파서,5123,6,13,2429,2675
2020,서울노원서,3574,4,3,1404,2163
2020,서울방배서,773,1,1,348,423
2020,서울은평서,1933,1,1,839,1092
2020,서울도봉서,2097,0,2,861,1234
2020,서울수서서,2407,1,2,1010,1394
2020,부산중부서,1331,1,0,686,644
2020,부산동래서,2350,5,2,1018,1325
2020,부산영도서,981,0,0,366,615
2020,부산동부서,1379,2,0,571,806
2020,부산진서,5494,3,9,2316,3166
2020,부산서부서,1041,1,1,458,581
2020,부산남부서,3309,7,4,1346,1952
2020,부산해운대서,3061,3,0,1336,1722
2020,부산사상서,2401,7,6,968,1420
2020,부산금정서,1926,2,2,943,979
2020,부산사하서,2487,6,0,1034,1447
2020,부산연제서,2783,5,7,1136,1635
2020,부산강서서,965,3,3,443,516
2020,부산북부서,2474,5,4,1030,1435
2020,부산기장서,1329,1,1,517,810
2020,대구중부서,2351,0,3,1214,1134
2020,대구동부서,2924,10,10,1210,1694
2020,대구서부서,2337,1,5,743,1588
2020,대구남부서,1616,2,4,677,933
2020,대구북부서,1852,2,4,767,1079
2020,대구수성서,2429,1,0,1011,1417
2020,대구달서서,2023,3,2,847,1171
2020,대구성서서,2421,3,4,1022,1392
2020,대구달성서,1301,3,1,522,775
2020,대구강북서,1750,3,0,659,1088
2020,인천중부서,2336,6,4,824,1502
2020,인천미추홀서,4139,12,8,1352,2767
2020,인천남동서,3120,1,7,1039,2073
2020,인천부평서,2792,5,8,984,1795
2020,인천서부서,4234,5,4,1342,2883
2020,인천계양서,2497,1,5,757,1734
2020,인천강화서,430,0,1,130,299
2020,인천연수서,2403,2,5,865,1531
2020,인천삼산서,3308,2,2,1146,2158
2020,인천논현서,1591,2,1,544,1044
2020,광주동부서,1404,0,6,634,764
2020,광주서부서,2905,2,5,1219,1679
2020,광주북부서,3368,1,5,1320,2042
2020,광주광산서,3141,4,5,1151,1981
2020,광주남부서,1521,3,3,615,900
2020,대전중부서,2638,2,3,1028,1605
2020,대전동부서,2396,1,4,1036,1355
2020,대전서부서,2218,6,2,777,1433
2020,대전대덕서,1764,0,1,637,1126
2020,대전둔산서,2340,5,2,857,1476
2020,대전유성서,2197,4,2,923,1268
2020,울산남부서,2986,4,5,1002,1975
2020,울산중부서,2479,4,3,906,1566
2020,울산울주서,1441,2,1,583,855
2020,울산동부서,1603,2,5,568,1028
2020,울산북부서,123,0,0,42,81
2020,세종서,1760,8,2,876,874
2020,경기수원중부서,3400,5,6,1318,2071
2020,경기수원남부서,5293,8,1,2202,3082
2020,경기수원서부서,3241,2,2,1360,1877
2020,경기안양동안서,1956,1,2,790,1163
2020,경기안양만안서,2633,3,3,1032,1595
2020,경기군포서,1719,3,3,711,1002
2020,경기성남수정서,2479,7,2,1068,1402
2020,경기성남중원서,2217,0,6,824,1387
2020,경기분당서,2597,5,7,1128,1457
2020,경기부천소사서,2159,3,1,918,1237
2020,경기부천원미서,4906,6,15,2084,2801
2020,경기부천오정서,1627,2,0,558,1067
2020,경기광명서,2749,3,4,1092,1650
2020,경기안산단원서,4948,8,11,1873,3056
2020,경기안산상록서,2918,3,5,1140,1770
2020,경기시흥서,4816,13,7,1775,3021
2020,경기평택서,6197,11,12,2056,4118
2020,경기오산서,2236,2,1,889,1344
2020,경기화성서부서,2971,5,3,950,2013
2020,경기용인동부서,4011,5,6,1762,2238
2020,경기용인서부서,1891,2,1,827,1061
2020,경기광주서,2700,4,0,809,1887
2020,경기과천서,275,0,0,126,149
2020,경기의왕서,701,1,0,238,462
2020,경기하남서,1956,0,2,822,1132
2020,경기이천서,2145,1,1,775,1368
2020,경기김포서,3059,2,7,1189,1861
2020,경기안성서,2063,6,4,790,1263
2020,경기여주서,1101,4,2,395,700
2020,경기양평서,950,0,0,312,638
2020,경기화성동탄서,2896,3,1,951,1941
2020,경기의정부서,4617,11,7,1505,3094
2020,경기고양서,3170,5,3,1085,2077
2020,경기일산동부서,2001,1,6,634,1360
2020,경기일산서부서,1339,0,1,453,885
2020,경기남양주남부서,3860,5,8,1351,2496
2020,경기남양주북부서,0,0,0,0,0
2020,경기파주서,2934,8,4,985,1937
2020,경기양주서,1742,5,4,503,1230
2020,경기동두천서,878,1,5,266,606
2020,경기구리서,1700,1,2,621,1076
2020,경기포천서,1283,1,1,415,866
2020,경기가평서,537,0,2,116,419
2020,경기연천서,297,3,0,99,195
2020,강원강릉서,1933,2,8,638,1285
2020,강원고성서,186,1,0,51,134
2020,강원동해서,657,2,0,184,471
2020,강원삼척서,520,2,1,137,380
2020,강원속초서,1277,1,2,381,893
2020,강원양구서,117,1,0,48,68
2020,강원영월서,225,3,1,66,155
2020,강원원주서,2788,5,7,1150,1626
2020,강원인제서,119,2,0,37,80
2020,강원정선서,316,0,0,135,181
2020,강원철원서,200,1,0,81,118
2020,강원춘천서,2286,6,1,945,1334
2020,강원태백서,321,2,0,75,244
2020,강원평창서,287,0,0,79,208
2020,강원홍천서,545,4,1,178,362
2020,강원화천서,154,1,0,46,107
2020,강원횡성서,258,2,0,96,160
2020,충북괴산서,760,2,9,494,255
2020,충북단양서,227,0,0,85,142
2020,충북보은서,215,0,0,90,125
2020,충북영동서,266,1,2,91,172
2020,충북옥천서,286,0,0,81,205
2020,충북음성서,836,0,2,261,573
2020,충북제천서,1003,3,3,373,624
2020,충북진천서,703,1,0,233,469
2020,충북청주청원서,2685,2,5,997,1681
2020,충북청주흥덕서,2869,2,2,1228,1637
2020,충북충주서,1668,4,3,790,871
2020,충북청주상당서,2162,1,2,986,1173
2020,충남천안서북서,3362,6,8,1544,1804
2020,충남천안동남서,2544,2,6,1322,1214
2020,충남서산서,1511,2,1,589,919
2020,충남아산서,3096,7,15,1201,1873
2020,충남논산서,1098,5,1,483,609
2020,충남공주서,744,1,0,277,466
2020,충남보령서,798,2,2,316,478
2020,충남당진서,1299,3,3,525,768
2020,충남홍성서,683,0,1,328,354
2020,충남예산서,591,1,0,297,293
2020,충남부여서,450,2,0,242,206
2020,충남서천서,315,1,0,134,180
2020,충남금산서,299,1,1,119,178
2020,충남청양서,149,0,1,68,80
2020,충남태안서,427,2,1,178,246
2020,전북고창서,396,1,0,139,256
2020,전북군산서,2532,3,2,1014,1513
2020,전북김제서,640,4,0,216,420
2020,전북남원서,559,3,4,208,344
2020,전북무주서,125,0,0,51,74
2020,전북부안서,348,0,1,127,220
2020,전북순창서,145,0,1,57,87
2020,전북완주서,508,3,0,189,316
2020,전북익산서,2497,4,0,1081,1412
2020,전북임실서,109,0,0,36,73
2020,전북장수서,97,0,0,29,68
2020,전북전주덕진서,2490,5,5,1077,1403
2020,전북전주완산서,2798,3,5,1114,1676
2020,전북정읍서,903,4,1,358,540
2020,전북진안서,104,3,0,48,53
2020,전남목포서,2829,0,5,1108,1716
2020,전남여수서,2342,6,4,850,1482
2020,전남순천서,2392,4,0,909,1479
2020,전남나주서,882,3,2,415,462
2020,전남광양서,1142,2,1,407,732
2020,전남고흥서,471,0,0,161,310
2020,전남해남서,483,3,0,173,307
2020,전남장흥서,354,1,0,122,231
2020,전남보성서,249,1,1,101,146
2020,전남영광서,383,3,0,138,242
2020,전남화순서,363,1,0,151,211
2020,전남함평서,212,1,0,87,124
2020,전남영암서,477,1,0,219,257
2020,전남장성서,259,1,0,117,141
2020,전남강진서,308,0,0,117,191
2020,전남담양서,265,3,0,107,155
2020,전남곡성서,131,0,0,53,78
2020,전남완도서,468,0,0,161,307
2020,전남무안서,572,0,1,278,293
2020,전남진도서,252,1,0,96,155
2020,전남구례서,180,1,0,68,111
2020,경북경주서,1995,2,1,885,1107
2020,경북포항북부서,2090,4,2,800,1284
2020,경북포항남부서,2263,3,4,1152,1104
2020,경북구미서,3592,4,5,1788,1795
2020,경북경산서,2380,1,0,1016,1363
2020,경북안동서,1526,4,1,443,1078
2020,경북김천서,1309,1,0,432,876
2020,경북영주서,644,1,1,216,426
2020,경북영천서,924,3,0,380,541
2020,경북상주서,712,1,1,342,368
2020,경북문경서,472,0,0,166,306
2020,경북칠곡서,863,2,1,344,516
2020,경북의성서,322,0,0,111,211
2020,경북청도서,293,0,0,83,210
2020,경북영덕서,355,1,0,157,197
2020,경북울진서,312,1,0,91,220
2020,경북봉화서,156,0,0,39,117
2020,경북예천서,295,1,0,88,206
2020,경북성주서,283,0,1,89,193
2020,경북청송서,237,1,0,74,162
2020,경북영양서,117,0,0,41,76
2020,경북군위서,132,0,0,53,79
2020,경북고령서,197,0,0,74,123
2020,경북울릉서,40,0,0,7,33
2020,경남창원중부서,2189,3,2,971,1213
2020,경남창원서부서,2107,3,8,955,1141
2020,경남마산중부서,1287,3,2,521,761
2020,경남마산동부서,2181,5,2,845,1329
2020,경남진주서,3956,5,8,2051,1892
2020,경남김해중부서,3274,6,3,1548,1717
2020,경남김해서부서,1948,7,1,893,1047
2020,경남양산서,3010,6,7,1340,1657
2020,경남거제서,2310,9,0,828,1473
2020,경남진해서,1372,3,2,609,758
2020,경남통영서,1385,0,2,466,917
2020,경남사천서,1065,8,0,407,650
2020,경남밀양서,794,0,0,314,480
2020,경남거창서,387,0,0,160,227
2020,경남합천서,239,0,1,60,178
2020,경남창녕서,291,0,1,109,181
2020,경남고성서,476,1,0,169,306
2020,경남하동서,222,0,0,84,138
2020,경남남해서,208,1,1,78,128
2020,경남함양서,185,1,2,58,124
2020,경남산청서,175,0,0,64,111
2020,경남함안서,333,2,0,123,208
2020,경남의령서,170,0,0,61,109
2020,제주서귀포서,2489,5,3,1147,1334
2020,제주동부서,3277,5,6,1121,2145
2020,제주서부서,2973,3,5,1134,1831
2017,서울중부서,2265,0,6,1061,1198
2017,서울종로서,2140,5,5,910,1220
2017,서울남대문서,1652,1,3,785,863
2017,서울서대문서,2911,4,1,1230,1676
2017,서울혜화서,1664,2,5,734,923
2017,서울용산서,3733,1,5,1346,2381
2017,서울성북서,1716,5,5,701,1005
2017,서울동대문서,3810,11,3,1547,2249
2017,서울마포서,4778,3,8,2094,2673
2017,서울영등포서,5514,15,5,2304,3190
2017,서울성동서,2635,1,3,1072,1559
2017,서울동작서,2934,1,7,1226,1700
2017,서울광진서,4385,6,13,2220,2146
2017,서울서부서,1462,3,2,553,904
2017,서울강북서,3185,8,7,1014,2156
2017,서울금천서,3025,5,5,1141,1874
2017,서울중랑서,4399,5,3,1533,2858
2017,서울강남서,4317,6,13,2069,2229
2017,서울관악서,5146,8,7,1979,3152
2017,서울강서서,4819,11,4,1888,2916
2017,서울강동서,4089,5,10,1645,2429
2017,서울종암서,1545,2,3,643,897
2017,서울구로서,4567,7,8,1725,2827
2017,서울서초서,3354,8,9,1448,1889
2017,서울양천서,3744,3,3,1590,2148
2017,서울송파서,5288,6,1,2274,3007
2017,서울노원서,4029,4,9,1538,2478
2017,서울방배서,884,1,4,364,515
2017,서울은평서,2191,3,2,834,1352
2017,서울도봉서,1895,1,3,633,1258
2017,서울수서서,2796,1,7,1061,1727
2017,부산중부서,1848,1,6,1012,829
2017,부산동래서,2533,3,7,1102,1421
2017,부산영도서,1061,1,3,410,647
2017,부산동부서,1552,4,4,650,894
2017,부산진서,5753,9,13,2459,3272
2017,부산서부서,1383,1,3,689,690
2017,부산남부서,3905,12,18,1708,2167
2017,부산해운대서,3799,5,7,1547,2240
2017,부산사상서,2673,7,13,1279,1374
2017,부산금정서,1973,1,4,919,1049
2017,부산사하서,2782,9,6,1079,1688
2017,부산연제서,2570,2,6,1012,1550
2017,부산강서서,987,1,1,514,471
2017,부산북부서,2358,4,8,898,1448
2017,부산기장서,1271,1,2,526,742
2017,대구중부서,2140,4,4,1103,1029
2017,대구동부서,3099,6,6,1252,1835
2017,대구서부서,2158,4,4,701,1449
2017,대구남부서,1903,1,7,650,1245
2017,대구북부서,1804,4,3,673,1124
2017,대구수성서,2881,7,6,938,1930
2017,대구달서서,2306,6,1,776,1523
2017,대구성서서,2903,5,6,1253,1639
2017,대구달성서,1332,7,0,409,916
2017,대구강북서,1554,2,0,556,996
2017,인천중부서,2236,2,8,744,1482
2017,인천남부서,5088,5,23,1633,3427
2017,인천남동서,4520,6,14,1388,3112
2017,인천부평서,2824,3,5,940,1876
2017,인천서부서,4122,4,10,1193,2915
2017,인천계양서,2696,7,7,819,1863
2017,인천강화서,478,3,0,103,372
2017,인천연수서,2356,2,2,837,1515
2017,인천삼산서,3891,3,3,1342,2543
2017,인천논현서,475,0,1,193,281
2017,광주동부서,1722,3,5,624,1090
2017,광주서부서,3442,0,7,1142,2293
2017,광주북부서,3730,3,5,1546,2176
2017,광주광산서,2851,3,12,927,1909
2017,광주남부서,1478,0,4,576,898
2017,대전중부서,3221,5,20,1145,2051
2017,대전동부서,2943,7,4,1288,1644
2017,대전서부서,2279,2,8,896,1373
2017,대전대덕서,1808,2,5,769,1032
2017,대전둔산서,2474,1,3,1043,1427
2017,대전유성서,2353,5,2,1073,1273
2017,울산남부서,4134,2,14,1232,2886
2017,울산중부서,2933,10,4,972,1947
2017,울산울주서,1886,3,4,652,1227
2017,울산동부서,2001,2,3,709,1287
2017,경기수원중부서,4115,4,9,1532,2570
2017,경기수원남부서,5839,6,8,2500,3325
2017,경기수원서부서,3517,4,8,1472,2033
2017,경기안양동안서,2462,3,5,861,1593
2017,경기안양만안서,2952,1,8,944,1999
2017,경기군포서,2055,2,4,763,1286
2017,경기성남수정서,2468,11,5,806,1646
2017,경기성남중원서,2558,6,6,999,1547
2017,경기분당서,3296,2,3,1323,1968
2017,경기부천소사서,1631,1,2,784,844
2017,경기부천원미서,5991,3,10,2690,3288
2017,경기부천오정서,1584,0,1,612,971
2017,경기광명서,2832,1,1,1051,1779
2017,경기안산단원서,4923,14,9,1765,3135
2017,경기안산상록서,3290,6,8,1136,2140
2017,경기시흥서,4180,6,8,1295,2871
2017,경기평택서,5995,8,9,2067,3911
2017,경기화성동부서,5128,12,7,1938,3171
2017,경기화성서부서,2541,9,4,982,1546
2017,경기용인동부서,3734,8,8,1456,2262
2017,경기용인서부서,2231,2,4,861,1364
2017,경기광주서,2692,6,4,850,1832
2017,경기과천서,454,0,1,202,251
2017,경기의왕서,705,0,3,208,494
2017,경기하남서,1268,2,1,507,758
2017,경기이천서,2083,8,2,619,1454
2017,경기김포서,2236,4,3,926,1303
2017,경기안성서,1757,2,3,618,1134
2017,경기여주서,1141,2,0,408,731
2017,경기양평서,799,4,2,268,525
2017,경기의정부서,4948,6,15,1602,3325
2017,경기고양서,3127,5,8,961,2153
2017,경기일산동부서,2773,3,5,949,1816
2017,경기일산서부서,1500,1,1,574,924
2017,경기남양주서,4375,8,7,1363,2997
2017,경기파주서,2884,6,6,1028,1844
2017,경기양주서,1767,1,4,508,1254
2017,경기동두천서,1045,0,3,350,692
2017,경기구리서,2244,4,4,800,1436
2017,경기포천서,1635,2,5,504,1124
2017,경기가평서,669,2,1,216,450
2017,경기연천서,336,3,1,119,213
2017,강원강릉서,2440,2,6,672,1760
2017,강원고성서,170,1,0,36,133
2017,강원동해서,874,3,3,206,662
2017,강원삼척서,682,2,0,224,456
2017,강원속초서,1329,4,1,385,939
2017,강원양구서,114,0,1,48,65
2017,강원영월서,207,1,0,80,126
2017,강원원주서,4342,5,7,1407,2923
2017,강원인제서,157,2,0,42,113
2017,강원정선서,416,0,1,203,212
2017,강원철원서,241,1,0,96,144
2017,강원춘천서,2661,6,5,1067,1583
2017,강원태백서,406,1,0,111,294
2017,강원평창서,299,2,1,108,188
2017,강원홍천서,654,1,0,256,397
2017,강원화천서,138,1,0,58,79
2017,강원횡성서,430,0,2,249,179
2017,충북괴산서,543,2,2,289,250
2017,충북단양서,195,0,0,69,126
2017,충북보은서,205,3,0,84,118
2017,충북영동서,263,1,0,88,174
2017,충북옥천서,284,2,2,102,178
2017,충북음성서,663,0,2,208,453
2017,충북제천서,1179,6,4,479,690
2017,충북진천서,634,0,1,241,392
2017,충북청주청원서,2477,5,5,919,1548
2017,충북청주흥덕서,3374,8,2,1366,1998
2017,충북충주서,1728,6,5,780,937
2017,충북청주상당서,2252,2,4,913,1333
2017,충남천안서북서,4080,9,10,1513,2548
2017,충남천안동남서,2807,7,6,1342,1452
2017,충남서산서,2155,5,0,868,1282
2017,충남아산서,3336,7,8,1423,1898
2017,충남논산서,1193,3,3,485,702
2017,충남공주서,954,0,1,533,420
2017,충남보령서,723,2,1,307,413
2017,충남당진서,1315,3,2,551,759
2017,충남세종서,1308,6,3,584,715
2017,충남홍성서,673,2,0,264,407
2017,충남예산서,512,3,0,214,295
2017,충남부여서,381,1,0,204,176
2017,충남서천서,295,2,1,138,154
2017,충남금산서,287,0,1,145,141
2017,충남청양서,144,1,0,71,72
2017,충남태안서,8,0,0,3,5
2017,전북고창서,380,0,0,174,206
2017,전북군산서,2651,6,6,1025,1614
2017,전북김제서,601,2,1,176,422
2017,전북남원서,705,1,0,259,445
2017,전북무주서,169,1,1,60,107
2017,전북부안서,473,0,0,198,275
2017,전북순창서,145,0,0,58,87
2017,전북완주서,528,1,0,202,325
2017,전북익산서,2409,6,7,911,1485
2017,전북임실서,118,0,1,45,72
2017,전북장수서,121,0,0,49,72
2017,전북전주덕진서,2402,3,6,976,1417
2017,전북전주완산서,2700,4,5,986,1705
2017,전북정읍서,814,0,0,277,537
2017,전북진안서,104,0,0,42,62
2017,전남목포서,3064,8,5,1015,2036
2017,전남여수서,2738,4,5,821,1908
2017,전남순천서,2525,5,4,809,1707
2017,전남나주서,658,2,1,273,382
2017,전남광양서,1080,0,2,353,725
2017,전남고흥서,503,2,0,187,314
2017,전남해남서,486,1,0,169,316
2017,전남장흥서,335,2,0,123,210
2017,전남보성서,282,3,0,104,175
2017,전남영광서,405,0,0,139,266
2017,전남화순서,335,2,1,95,237
2017,전남함평서,162,0,0,88,74
2017,전남영암서,334,0,0,147,187
2017,전남장성서,290,1,1,116,172
2017,전남강진서,225,1,0,69,155
2017,전남담양서,291,3,0,134,154
2017,전남곡성서,157,0,0,65,92
2017,전남완도서,413,2,0,92,319
2017,전남무안서,453,0,1,214,238
2017,전남진도서,233,0,0,82,151
2017,전남구례서,188,0,0,62,126
2017,경북경주서,2132,5,11,975,1141
2017,경북포항북부서,2421,1,8,967,1445
2017,경북포항남부서,2376,1,8,1028,1339
2017,경북구미서,3508,9,8,1566,1925
2017,경북경산서,2645,0,4,1051,1590
2017,경북안동서,1430,2,1,479,948
2017,경북김천서,1038,4,3,366,665
2017,경북영주서,641,1,1,207,432
2017,경북영천서,819,2,1,330,486
2017,경북상주서,641,3,1,270,367
2017,경북문경서,514,1,0,153,360
2017,경북칠곡서,749,4,1,276,468
2017,경북의성서,290,0,0,125,165
2017,경북청도서,306,2,0,128,176
2017,경북영덕서,353,4,1,171,177
2017,경북울진서,266,2,0,109,155
2017,경북봉화서,94,0,0,29,65
2017,경북예천서,176,2,0,70,104
2017,경북성주서,308,1,0,137,170
2017,경북청송서,178,0,0,57,121
2017,경북영양서,108,3,0,23,82
2017,경북군위서,111,0,0,51,60
2017,경북고령서,160,0,0,58,102
2017,경북울릉서,60,0,0,9,51
2017,경남창원중부서,2353,5,3,1016,1329
2017,경남창원서부서,1756,3,7,732,1014
2017,경남마산중부서,1349,4,7,489,849
2017,경남마산동부서,1885,2,3,760,1120
2017,경남진주서,3333,9,4,1641,1679
2017,경남김해중부서,3560,5,7,1505,2043
2017,경남김해서부서,1806,3,1,762,1040
2017,경남양산서,2135,5,7,832,1291
2017,경남거제서,2533,7,4,977,1545
2017,경남진해서,1593,1,1,549,1042
2017,경남통영서,1349,3,4,479,863
2017,경남사천서,860,4,1,232,623
2017,경남밀양서,740,0,2,286,452
2017,경남거창서,336,1,1,112,222
2017,경남합천서,202,0,1,49,152
2017,경남창녕서,322,2,1,119,200
2017,경남고성서,426,4,1,174,247
2017,경남하동서,242,1,1,76,164
2017,경남남해서,216,1,1,99,115
2017,경남함양서,177,2,0,68,107
2017,경남산청서,172,1,0,68,103
2017,경남함안서,380,2,2,126,250
2017,경남의령서,178,0,0,60,118
2017,제주서귀포서,2293,2,2,858,1431
2017,제주동부서,3218,9,22,1214,1973
2017,제주서부서,3028,7,11,1141,1869
2016,서울중부서,2544,2,3,1204,1335
2016,서울종로서,2253,4,6,952,1291
2016,서울남대문서,1842,1,5,946,890
2016,서울서대문서,3490,6,5,1503,1976
2016,서울혜화서,1968,2,6,988,972
2016,서울용산서,3886,4,9,1489,2384
2016,서울성북서,1971,2,3,790,1176
2016,서울동대문서,4597,5,10,1940,2642
2016,서울마포서,5474,4,4,2527,2939
2016,서울영등포서,5966,13,19,2341,3593
2016,서울성동서,2922,4,3,1296,1619
2016,서울동작서,2902,8,7,1226,1661
2016,서울광진서,5043,4,11,2636,2392
2016,서울서부서,1917,4,4,781,1128
2016,서울강북서,4012,7,5,1222,2778
2016,서울금천서,3470,6,7,1264,2193
2016,서울중랑서,4877,8,14,1691,3164
2016,서울강남서,4801,3,24,2438,2336
2016,서울관악서,5356,6,12,2103,3235
2016,서울강서서,5175,9,10,1952,3204
2016,서울강동서,4302,4,14,1754,2530
2016,서울종암서,1619,2,5,680,932
2016,서울구로서,5093,9,10,1910,3164
2016,서울서초서,3584,4,9,1733,1838
2016,서울양천서,3981,5,7,1719,2250
2016,서울송파서,5856,9,15,2543,3289
2016,서울노원서,4384,5,6,1857,2516
2016,서울방배서,977,1,4,472,500
2016,서울은평서,2428,2,5,885,1536
2016,서울도봉서,2315,3,5,866,1441
2016,서울수서서,2832,2,15,1149,1666
2016,부산중부서,1781,6,10,902,863
2016,부산동래서,2600,3,21,1123,1453
2016,부산영도서,1266,4,7,551,704
2016,부산동부서,1614,6,8,749,851
2016,부산진서,6282,5,16,3017,3244
2016,부산서부서,1466,1,2,773,690
2016,부산남부서,3837,7,10,1689,2131
2016,부산해운대서,3702,5,11,1576,2110
2016,부산사상서,2550,9,10,1160,1371
2016,부산금정서,2167,4,6,1017,1140
2016,부산사하서,2791,9,7,1149,1626
2016,부산연제서,2567,2,10,974,1581
2016,부산강서서,945,2,3,501,439
2016,부산북부서,2576,6,12,1034,1524
2016,부산기장서,1224,1,4,551,668
2016,대구중부서,2280,0,2,1158,1120
2016,대구동부서,3456,3,8,1209,2236
2016,대구서부서,2501,7,5,756,1733
2016,대구남부서,1863,4,5,701,1153
2016,대구북부서,2089,1,4,894,1190
2016,대구수성서,3323,3,10,1214,2096
2016,대구달서서,2301,3,3,850,1445
2016,대구성서서,3359,5,5,1413,1936
2016,대구달성서,1234,2,5,448,779
2016,대구강북서,1413,2,4,541,866
2016,인천중부서,2522,3,2,748,1769
2016,인천남부서,5131,12,17,1675,3427
2016,인천남동서,5660,5,19,1802,3834
2016,인천부평서,2936,3,5,1190,1738
2016,인천서부서,3892,9,14,1170,2699
2016,인천계양서,2856,8,14,849,1985
2016,인천강화서,519,0,1,120,398
2016,인천연수서,2687,6,8,1058,1615
2016,인천삼산서,3789,2,8,1407,2372
2016,광주동부서,1985,3,8,832,1142
2016,광주서부서,3718,2,11,1417,2288
2016,광주북부서,3943,6,7,1788,2142
2016,광주광산서,3268,5,17,1247,1999
2016,광주남부서,1801,1,4,768,1028
2016,대전중부서,3729,3,6,1472,2248
2016,대전동부서,3022,7,7,1340,1668
2016,대전서부서,2291,1,5,1032,1253
2016,대전대덕서,1859,6,8,801,1044
2016,대전둔산서,2694,3,4,1085,1602
2016,대전유성서,2621,5,5,1253,1358
2016,울산남부서,4443,9,13,1509,2912
2016,울산중부서,3430,8,12,1183,2227
2016,울산울주서,2091,4,5,716,1366
2016,울산동부서,2101,1,3,809,1288
2016,경기수원중부서,4271,7,6,1585,2673
2016,경기수원남부서,5858,13,12,2538,3295
2016,경기수원서부서,3431,9,8,1511,1903
2016,경기안양동안서,2623,6,4,959,1654
2016,경기안양만안서,3112,4,3,1039,2066
2016,경기군포서,2258,1,3,838,1416
2016,경기성남수정서,2959,4,2,1193,1760
2016,경기성남중원서,3142,5,2,1211,1924
2016,경기분당서,3450,0,13,1566,1871
2016,경기부천소사서,2051,4,3,958,1086
2016,경기부천원미서,6299,8,13,2755,3523
2016,경기부천오정서,2003,5,1,762,1235
2016,경기광명서,3301,2,4,1221,2074
2016,경기안산단원서,5424,16,8,1994,3406
2016,경기안산상록서,3726,8,11,1294,2413
2016,경기시흥서,4666,15,9,1501,3141
2016,경기평택서,5660,10,8,1812,3830
2016,경기화성동부서,5075,10,2,1958,3105
2016,경기화성서부서,2511,8,3,932,1568
2016,경기용인동부서,4138,12,5,1496,2625
2016,경기용인서부서,2383,3,0,965,1415
2016,경기광주서,2686,13,4,880,1789
2016,경기과천서,463,1,1,160,301
2016,경기의왕서,805,2,1,234,568
2016,경기하남서,1323,3,0,529,791
2016,경기이천서,2135,1,2,634,1498
2016,경기김포서,2314,4,6,1007,1297
2016,경기안성서,1913,6,3,785,1119
2016,경기여주서,1142,7,0,448,687
2016,경기양평서,821,7,2,281,531
2016,경기의정부서,5094,13,17,1752,3312
2016,경기고양서,3194,4,8,1123,2059
2016,경기일산동부서,4032,7,3,1458,2564
2016,경기일산서부서,63,0,0,22,41
2016,경기남양주서,4896,10,9,1476,3401
2016,경기파주서,3387,5,4,1293,2085
2016,경기양주서,1772,2,2,446,1322
2016,경기동두천서,1074,1,0,344,729
2016,경기구리서,2486,6,1,936,1543
2016,경기포천서,1668,6,3,548,1111
2016,경기가평서,674,1,0,201,472
2016,경기연천서,379,2,0,143,234
2016,강원강릉서,2591,0,5,762,1824
2016,강원고성서,186,2,0,53,131
2016,강원동해서,886,3,2,178,703
2016,강원삼척서,812,2,0,225,585
2016,강원속초서,1329,0,5,392,932
2016,강원양구서,123,1,0,56,66
2016,강원영월서,221,1,0,69,151
2016,강원원주서,4261,7,2,1311,2941
2016,강원인제서,184,1,0,50,133
2016,강원정선서,455,3,2,240,210
2016,강원철원서,227,1,0,101,125
2016,강원춘천서,2946,6,5,1117,1818
2016,강원태백서,504,0,3,118,383
2016,강원평창서,278,0,0,120,158
2016,강원홍천서,626,0,3,203,420
2016,강원화천서,135,0,0,43,92
2016,강원횡성서,311,1,1,128,181
2016,충북괴산서,456,2,2,221,231
2016,충북단양서,229,0,0,91,138
2016,충북보은서,219,0,0,92,127
2016,충북영동서,249,3,0,98,148
2016,충북옥천서,299,0,2,108,189
2016,충북음성서,913,5,2,282,624
2016,충북제천서,1272,4,2,463,803
2016,충북진천서,755,3,1,280,471
2016,충북청주청원서,3050,5,7,1345,1693
2016,충북청주흥덕서,3636,2,6,1309,2319
2016,충북충주서,1832,8,0,783,1041
2016,충북청주상당서,2594,0,4,1058,1532
2016,충남천안서북서,3794,12,4,1725,2053
2016,충남천안동남서,3104,3,4,1555,1542
2016,충남서산서,2231,6,5,922,1298
2016,충남아산서,3130,5,9,1254,1862
2016,충남논산서,1150,3,1,580,566
2016,충남공주서,849,2,6,439,402
2016,충남보령서,868,2,7,462,397
2016,충남당진서,1480,2,3,607,868
2016,충남세종서,1471,2,4,639,826
2016,충남홍성서,779,5,1,351,422
2016,충남예산서,589,2,2,266,319
2016,충남부여서,382,4,0,206,172
2016,충남서천서,274,4,2,135,133
2016,충남금산서,326,1,2,152,171
2016,충남청양서,158,0,0,73,85
2016,전북고창서,395,1,0,148,246
2016,전북군산서,2773,3,8,1004,1758
2016,전북김제서,689,1,0,241,447
2016,전북남원서,707,0,2,239,466
2016,전북무주서,135,0,0,61,74
2016,전북부안서,373,0,1,143,229
2016,전북순창서,104,0,0,46,58
2016,전북완주서,567,1,0,257,309
2016,전북익산서,2879,9,15,1152,1703
2016,전북임실서,125,0,0,43,82
2016,전북장수서,140,0,0,61,79
2016,전북전주덕진서,2500,2,7,1113,1378
2016,전북전주완산서,2996,8,5,1273,1710
2016,전북정읍서,823,3,1,246,573
2016,전북진안서,82,0,0,38,44
2016,전남목포서,3603,6,5,1264,2328
2016,전남여수서,3039,3,6,1064,1966
2016,전남순천서,2596,5,4,882,1705
2016,전남나주서,832,2,0,366,464
2016,전남광양서,1086,2,5,398,681
2016,전남고흥서,467,2,0,169,296
2016,전남해남서,601,2,2,201,396
2016,전남장흥서,385,0,0,125,260
2016,전남보성서,321,0,0,147,174
2016,전남영광서,457,0,0,131,326
2016,전남화순서,390,2,0,137,251
2016,전남함평서,177,2,0,89,86
2016,전남영암서,486,0,0,192,294
2016,전남장성서,389,1,1,189,198
2016,전남강진서,248,2,1,95,150
2016,전남담양서,341,1,0,151,189
2016,전남곡성서,169,0,1,56,112
2016,전남완도서,384,2,0,101,281
2016,전남무안서,530,2,2,240,286
2016,전남진도서,273,0,1,95,177
2016,전남구례서,203,1,1,76,125
2016,경북경주서,2453,6,6,1139,1302
2016,경북포항북부서,2414,2,1,963,1448
2016,경북포항남부서,2209,8,6,970,1225
2016,경북구미서,3753,5,15,1562,2171
2016,경북경산서,2975,3,6,1318,1648
2016,경북안동서,1634,2,1,575,1056
2016,경북김천서,1216,1,1,448,766
2016,경북영주서,755,2,1,269,483
2016,경북영천서,872,3,1,344,524
2016,경북상주서,673,1,2,261,409
2016,경북문경서,585,0,0,228,357
2016,경북칠곡서,949,3,4,333,609
2016,경북의성서,274,1,0,102,171
2016,경북청도서,302,1,0,115,186
2016,경북영덕서,327,3,1,155,168
2016,경북울진서,261,1,0,86,174
2016,경북봉화서,121,1,0,36,84
2016,경북예천서,211,0,0,90,121
2016,경북성주서,314,0,0,113,201
2016,경북청송서,169,1,0,36,132
2016,경북영양서,85,0,0,16,69
2016,경북군위서,133,0,1,50,82
2016,경북고령서,211,2,0,69,140
2016,경북울릉서,51,1,0,7,43
2016,경남창원중부서,2314,3,6,977,1328
2016,경남창원서부서,1952,4,6,830,1112
2016,경남마산중부서,1387,3,5,522,857
2016,경남마산동부서,2171,5,5,868,1293
2016,경남진주서,3465,5,6,1701,1753
2016,경남김해중부서,3685,6,4,1467,2208
2016,경남김해서부서,1905,3,6,919,977
2016,경남양산서,2475,4,7,974,1490
2016,경남진해서,1572,3,4,553,1012
2016,경남통영서,1521,3,1,548,969
2016,경남사천서,893,3,1,302,587
2016,경남거제서,2800,2,5,1116,1677
2016,경남밀양서,911,2,4,412,493
2016,경남거창서,520,1,0,233,286
2016,경남합천서,205,1,2,60,142
2016,경남창녕서,300,2,0,129,169
2016,경남고성서,489,2,1,181,305
2016,경남하동서,305,0,0,129,176
2016,경남남해서,212,1,0,77,134
2016,경남함양서,226,1,0,63,162
2016,경남산청서,202,1,1,85,115
2016,경남함안서,378,0,3,138,237
2016,경남의령서,166,1,0,53,112
2016,제주서귀포서,2550,1,1,922,1626
2016,제주동부서,3776,12,8,1310,2446
2016,제주서부서,3275,3,16,1259,1997
2015,서울중부서,2755,2,3,1395,1355
2015,서울종로서,2357,3,6,1070,1278
2015,서울남대문서,2029,1,6,1153,869
2015,서울서대문서,3875,2,5,1812,2056
2015,서울혜화서,2137,3,5,1114,1015
2015,서울용산서,3626,5,14,1557,2050
2015,서울성북서,2151,2,2,953,1194
2015,서울동대문서,4547,5,13,1981,2548
2015,서울마포서,5560,8,14,2555,2983
2015,서울영등포서,6572,14,22,2964,3572
2015,서울성동서,3232,4,9,1607,1612
2015,서울동작서,3789,5,9,1865,1910
2015,서울광진서,5669,4,14,3026,2625
2015,서울서부서,2015,2,2,819,1192
2015,서울강북서,4104,7,14,1434,2649
2015,서울금천서,3630,3,6,1567,2054
2015,서울중랑서,5006,13,11,2135,2847
2015,서울강남서,4894,3,15,2411,2465
2015,서울관악서,6025,9,12,2706,3298
2015,서울강서서,5323,7,13,2096,3207
2015,서울강동서,5088,4,6,2366,2712
2015,서울종암서,1853,3,3,832,1015
2015,서울구로서,5365,8,15,2335,3007
2015,서울서초서,3849,7,8,1982,1852
2015,서울양천서,4408,3,6,1890,2509
2015,서울송파서,6558,11,13,3239,3295
2015,서울노원서,4933,10,7,2193,2723
2015,서울방배서,1202,1,1,653,547
2015,서울은평서,2564,1,7,1095,1461
2015,서울도봉서,2562,3,9,1063,1487
2015,서울수서서,3274,10,6,1439,1819
2015,부산중부서,1758,3,10,932,813
2015,부산동래서,2969,4,21,1305,1639
2015,부산영도서,1197,2,3,511,681
2015,부산동부서,1764,5,7,889,863
2015,부산진서,6444,9,19,3323,3093
2015,부산서부서,1513,2,6,771,734
2015,부산남부서,4459,4,18,2201,2236
2015,부산해운대서,4508,4,12,2375,2117
2015,부산사상서,2901,6,17,1430,1448
2015,부산금정서,2572,4,3,1240,1325
2015,부산사하서,3332,6,9,1708,1609
2015,부산연제서,2933,3,15,1212,1703
2015,부산강서서,969,1,1,522,445
2015,부산북부서,2598,3,14,1040,1541
2015,부산기장서,1291,3,6,657,625
2015,대구중부서,2826,1,4,1675,1146
2015,대구동부서,3785,5,8,1739,2033
2015,대구서부서,3129,4,6,1159,1960
2015,대구남부서,2290,4,4,1132,1150
2015,대구북부서,2493,4,7,1344,1138
2015,대구수성서,3696,5,9,1724,1958
2015,대구달서서,2517,3,1,1044,1469
2015,대구성서서,3976,6,16,1690,2264
2015,대구달성서,1311,1,4,562,744
2015,대구강북서,1539,3,1,698,837
2015,인천중부서,2297,6,8,723,1560
2015,인천남부서,4726,9,27,1651,3039
2015,인천남동서,5571,17,26,2115,3413
2015,인천부평서,2931,5,15,1201,1710
2015,인천서부서,4188,4,5,1359,2820
2015,인천계양서,2810,2,10,1035,1763
2015,인천강화서,477,0,1,139,337
2015,인천연수서,2565,4,5,1051,1505
2015,인천삼산서,3250,4,6,1396,1844
2015,광주동부서,2263,3,5,1100,1155
2015,광주서부서,4548,5,10,2050,2483
2015,광주북부서,5210,5,14,2570,2621
2015,광주광산서,4012,4,12,1743,2253
2015,광주남부서,2047,1,3,962,1081
2015,대전중부서,4422,4,22,2117,2279
2015,대전동부서,3390,6,16,1780,1588
2015,대전서부서,2835,0,4,1382,1449
2015,대전대덕서,2199,6,5,1148,1040
2015,대전둔산서,4829,7,15,2638,2169
2015,대전유성서,742,1,2,437,302
2015,울산남부서,5195,3,20,1977,3195
2015,울산중부서,3908,9,5,1704,2190
2015,울산울주서,2290,5,3,815,1467
2015,울산동부서,2371,5,1,960,1405
2015,경기의정부서,5664,7,15,2311,3331
2015,경기고양서,3292,10,7,1361,1914
2015,경기일산서,4265,7,7,1923,2328
2015,경기남양주서,5030,11,12,1895,3112
2015,경기파주서,3252,7,5,1138,2102
2015,경기양주서,2084,3,5,729,1347
2015,경기동두천서,1266,3,0,418,845
2015,경기구리서,2621,3,6,1039,1573
2015,경기포천서,1859,7,3,597,1252
2015,경기가평서,803,0,3,278,522
2015,경기연천서,507,1,0,167,339
2015,경기수원중부서,4721,4,9,1971,2737
2015,경기수원남부서,6074,3,17,2816,3238
2015,경기수원서부서,3832,6,12,1733,2081
2015,경기안양동안서,2638,6,3,994,1635
2015,경기안양만안서,2785,2,4,1146,1633
2015,경기군포서,2439,2,5,950,1482
2015,경기성남수정서,2907,2,19,1030,1856
2015,경기성남중원서,3538,4,9,1356,2169
2015,경기분당서,3301,4,2,1559,1736
2015,경기부천소사서,2170,4,11,1030,1125
2015,경기부천원미서,6586,12,10,3197,3367
2015,경기부천오정서,2019,4,4,832,1179
2015,경기광명서,3142,2,4,1227,1909
2015,경기안산단원서,6076,10,26,2449,3591
2015,경기안산상록서,4514,10,16,1717,2771
2015,경기시흥서,4737,15,14,1791,2917
2015,경기평택서,5565,7,20,2162,3376
2015,경기화성동부서,5304,10,11,2364,2919
2015,경기화성서부서,2460,10,5,1034,1411
2015,경기용인동부서,4009,9,7,1847,2146
2015,경기용인서부서,2219,3,4,951,1261
2015,경기광주서,2827,12,4,1072,1739
2015,경기과천서,390,2,0,172,216
2015,경기의왕서,818,0,2,312,504
2015,경기하남서,1347,1,2,583,761
2015,경기이천서,1898,5,8,652,1233
2015,경기김포서,2603,6,7,1097,1493
2015,경기안성서,1996,2,2,860,1132
2015,경기여주서,1115,4,5,416,690
2015,경기양평서,910,3,1,283,623
2015,강원강릉서,2466,5,8,829,1624
2015,강원고성서,245,0,0,82,163
2015,강원동해서,1044,2,0,290,752
2015,강원삼척서,725,0,0,196,529
2015,강원속초서,1356,1,0,439,916
2015,강원양구서,132,0,0,63,69
2015,강원영월서,250,1,0,88,161
2015,강원원주서,4280,10,9,1780,2481
2015,강원인제서,205,0,0,75,130
2015,강원정선서,414,2,1,230,181
2015,강원철원서,232,1,1,96,134
2015,강원춘천서,2777,6,9,1131,1631
2015,강원태백서,437,0,0,131,306
2015,강원평창서,330,0,1,147,182
2015,강원홍천서,529,1,5,188,335
2015,강원화천서,109,0,0,46,63
2015,강원횡성서,333,4,1,155,173
2015,충북괴산서,527,1,3,291,232
2015,충북단양서,212,0,0,76,136
2015,충북보은서,206,3,0,90,113
2015,충북영동서,332,0,1,123,208
2015,충북옥천서,371,1,0,168,202
2015,충북음성서,935,0,1,384,550
2015,충북제천서,1265,7,2,524,732
2015,충북진천서,657,1,0,293,363
2015,충북청주청원서,3089,7,15,1482,1585
2015,충북청주흥덕서,4155,5,7,1872,2271
2015,충북충주서,2050,2,6,922,1120
2015,충북청주상당서,2803,7,8,1338,1450
2015,충남천안서북서,3751,8,13,1905,1825
2015,충남천안동남서,3567,4,9,2038,1516
2015,충남서산서,2140,3,8,1026,1103
2015,충남아산서,3244,9,2,1488,1745
2015,충남논산서,1212,6,4,688,514
2015,충남공주서,827,2,0,425,400
2015,충남보령서,1162,8,3,689,462
2015,충남당진서,1531,3,3,764,761
2015,충남세종서,1112,3,0,647,462
2015,충남홍성서,719,2,2,373,342
2015,충남예산서,712,0,3,352,357
2015,충남부여서,459,0,1,293,165
2015,충남서천서,341,1,0,208,132
2015,충남금산서,379,3,2,218,156
2015,충남청양서,202,1,1,110,90
2015,전북고창서,461,0,1,173,287
2015,전북군산서,3279,5,7,1463,1804
2015,전북김제서,836,1,1,357,477
2015,전북남원서,736,0,2,291,443
2015,전북무주서,177,1,0,76,100
2015,전북부안서,487,0,1,214,272
2015,전북순창서,154,0,0,65,89
2015,전북완주서,592,1,0,268,323
2015,전북익산서,3150,8,14,1389,1739
2015,전북임실서,164,1,0,76,87
2015,전북장수서,154,0,0,89,65
2015,전북전주덕진서,3262,4,9,1752,1497
2015,전북전주완산서,3336,7,12,1656,1661
2015,전북정읍서,1135,2,0,567,566
2015,전북진안서,108,0,0,52,56
2015,전남목포서,4262,3,10,1605,2644
2015,전남여수서,2827,6,6,1032,1783
2015,전남순천서,2862,2,9,1192,1659
2015,전남나주서,858,5,3,379,471
2015,전남광양서,1262,3,1,472,786
2015,전남고흥서,584,2,0,214,368
2015,전남해남서,669,1,0,289,379
2015,전남장흥서,327,1,1,139,186
2015,전남보성서,357,0,0,154,203
2015,전남영광서,496,1,1,216,278
2015,전남화순서,426,0,1,192,233
2015,전남함평서,222,1,0,97,124
2015,전남영암서,550,2,0,222,326
2015,전남장성서,399,1,3,195,200
2015,전남강진서,330,0,0,121,209
2015,전남담양서,305,1,0,141,163
2015,전남곡성서,167,0,0,68,99
2015,전남완도서,394,1,2,116,275
2015,전남무안서,628,2,1,300,325
2015,전남진도서,304,3,0,111,190
2015,전남구례서,190,0,0,53,137
2015,경북경주서,2643,6,9,1297,1331
2015,경북포항북부서,2587,4,7,1135,1441
2015,경북포항남부서,2738,4,2,1348,1384
2015,경북구미서,4419,5,13,2211,2190
2015,경북경산서,2573,3,14,1174,1382
2015,경북안동서,1713,2,0,678,1033
2015,경북김천서,1261,1,3,505,752
2015,경북영주서,786,1,9,250,526
2015,경북영천서,781,2,5,303,471
2015,경북상주서,711,1,1,321,388
2015,경북문경서,657,1,1,234,421
2015,경북칠곡서,868,4,3,322,539
2015,경북의성서,274,0,0,120,154
2015,경북청도서,315,1,1,116,197
2015,경북영덕서,286,2,1,137,146
2015,경북울진서,271,2,0,89,180
2015,경북봉화서,167,1,0,53,113
2015,경북예천서,211,3,0,81,127
2015,경북성주서,356,0,0,148,208
2015,경북청송서,216,0,1,64,151
2015,경북영양서,106,1,0,35,70
2015,경북군위서,151,0,0,66,85
2015,경북고령서,250,0,1,128,121
2015,경북울릉서,61,0,0,4,57
2015,경남창원중부서,3046,4,10,1554,1478
2015,경남창원서부서,2569,4,6,1360,1199
2015,경남마산중부서,1905,4,3,869,1029
2015,경남마산동부서,2477,3,5,1257,1212
2015,경남진주서,3724,4,13,2029,1678
2015,경남김해중부서,4016,6,14,1800,2196
2015,경남김해서부서,1884,2,3,938,941
2015,경남양산서,2671,8,2,1205,1456
2015,경남진해서,1867,6,2,816,1043
2015,경남통영서,1606,4,3,598,1001
2015,경남사천서,1043,4,4,360,675
2015,경남거제서,3027,3,4,1395,1625
2015,경남밀양서,823,5,1,331,486
2015,경남거창서,409,0,0,148,261
2015,경남합천서,243,0,1,95,147
2015,경남창녕서,320,3,2,99,216
2015,경남고성서,600,1,2,254,343
2015,경남하동서,293,1,1,104,187
2015,경남남해서,263,3,3,107,150
2015,경남함양서,182,1,0,69,112
2015,경남산청서,211,0,1,88,122
2015,경남함안서,571,1,3,290,277
2015,경남의령서,168,0,1,62,105
2015,제주서귀포서,2311,1,4,928,1378
2015,제주동부서,4029,11,17,1797,2204
2015,제주서부서,3427,15,12,1498,1902
2014,서울중부서,2789,3,8,1364,1414
2014,서울종로서,2267,3,6,975,1283
2014,서울남대문서,2221,3,5,1212,1001
2014,서울서대문서,4009,3,4,1883,2119
2014,서울혜화서,2528,0,6,1297,1225
2014,서울용산서,3586,1,7,1560,2018
2014,서울성북서,2369,6,7,1141,1215
2014,서울동대문서,4222,12,13,1809,2388
2014,서울마포서,5475,4,22,2763,2686
2014,서울영등포서,6753,14,10,3080,3649
2014,서울성동서,3441,1,5,1753,1682
2014,서울동작서,3666,2,9,1787,1868
2014,서울광진서,6019,8,16,3167,2828
2014,서울서부서,2326,0,13,1010,1303
2014,서울강북서,3841,6,21,1494,2320
2014,서울금천서,3680,7,9,1552,2112
2014,서울중랑서,5190,11,14,2390,2775
2014,서울강남서,5052,8,19,2340,2685
2014,서울관악서,6420,7,25,3029,3359
2014,서울강서서,5075,8,9,2341,2717
2014,서울강동서,5244,5,10,2425,2804
2014,서울종암서,2072,2,9,989,1072
2014,서울구로서,5137,3,14,2377,2743
2014,서울서초서,3854,4,12,2018,1820
2014,서울양천서,4513,5,11,2058,2439
2014,서울송파서,7749,9,9,4199,3532
2014,서울노원서,5139,5,8,2404,2722
2014,서울방배서,1419,2,2,729,686
2014,서울은평서,2917,5,11,1342,1559
2014,서울도봉서,2952,6,11,1350,1585
2014,서울수서서,3287,5,18,1555,1709
2014,부산중부서,1815,4,7,923,881
2014,부산동래서,3150,2,7,1633,1508
2014,부산영도서,1216,3,5,515,693
2014,부산동부서,1699,4,3,769,923
2014,부산진서,6291,6,20,3312,2953
2014,부산서부서,1451,5,6,732,708
2014,부산남부서,5265,4,10,3001,2250
2014,부산해운대서,4412,9,18,2289,2096
2014,부산사상서,3556,12,21,1985,1538
2014,부산금정서,2997,4,3,1456,1534
2014,부산사하서,3521,6,18,1639,1858
2014,부산연제서,2858,2,0,1368,1488
2014,부산강서서,845,1,1,490,353
2014,부산북부서,2961,6,6,1260,1689
2014,부산기장서,1219,2,6,597,614
2014,대구남부서,2293,0,4,1064,1225
2014,대구달서서,2531,4,1,1217,1309
2014,대구달성서,1361,2,2,674,683
2014,대구동부서,4346,5,20,2390,1931
2014,대구북부서,2394,3,6,1339,1046
2014,대구서부서,3009,6,8,1295,1700
2014,대구성서서,3979,2,8,1933,2036
2014,대구수성서,3959,5,5,2118,1831
2014,대구중부서,2984,6,7,1842,1129
2014,대구강북서,1565,1,3,732,829
2014,인천중부서,2283,6,8,777,1492
2014,인천남부서,4724,10,26,1814,2874
2014,인천남동서,5010,16,16,1855,3123
2014,인천부평서,2845,4,13,1260,1568
2014,인천서부서,3879,5,16,1283,2575
2014,인천계양서,2306,3,12,648,1643
2014,인천강화서,448,1,0,102,345
2014,인천연수서,2179,5,4,848,1322
2014,인천삼산서,2927,0,15,1131,1781
2014,광주동부서,2568,2,15,1256,1295
2014,광주서부서,5295,8,9,2668,2610
2014,광주북부서,5871,6,16,2963,2886
2014,광주광산서,4644,3,10,2396,2235
2014,광주남부서,2279,0,3,1108,1168
2014,대전중부서,3882,2,30,2213,1637
2014,대전동부서,3443,9,11,2234,1189
2014,대전서부서,2612,3,6,1549,1054
2014,대전대덕서,2186,7,10,1375,794
2014,대전둔산서,6285,8,25,4056,2196
2014,울산남부서,4775,8,18,1932,2817
2014,울산중부서,4029,8,8,1942,2071
2014,울산울주서,2289,5,3,896,1385
2014,울산동부서,2386,2,3,1017,1364
2014,경기수원중부서,4279,4,7,1990,2278
2014,경기수원남부서,5923,8,13,2895,3007
2014,경기수원서부서,3999,4,11,1910,2074
2014,경기안양동안서,2608,5,9,994,1600
2014,경기안양만안서,2667,2,3,1177,1485
2014,경기군포서,2720,1,4,1285,1430
2014,경기성남수정서,3070,2,7,1270,1791
2014,경기성남중원서,3630,5,8,1533,2084
2014,경기분당서,3536,5,15,1745,1771
2014,경기부천소사서,2410,2,4,1218,1186
2014,경기부천원미서,6682,9,16,3531,3126
2014,경기부천오정서,2017,1,4,935,1077
2014,경기광명서,3757,3,11,1666,2077
2014,경기안산단원서,5246,10,16,2422,2798
2014,경기안산상록서,3969,2,3,1819,2145
2014,경기시흥서,4596,13,12,1883,2688
2014,경기평택서,6182,8,20,2824,3330
2014,경기화성동부서,4767,5,11,2267,2484
2014,경기화성서부서,2338,8,6,1120,1204
2014,경기용인동부서,3801,8,15,1818,1960
2014,경기용인서부서,2215,0,1,1087,1127
2014,경기광주서,2564,3,8,1029,1524
2014,경기과천서,483,1,1,239,242
2014,경기의왕서,783,1,1,296,485
2014,경기하남서,1350,1,4,573,772
2014,경기이천서,2109,4,13,733,1359
2014,경기김포서,2599,6,6,1143,1444
2014,경기안성서,1827,5,3,851,968
2014,경기여주서,1062,5,3,396,658
2014,경기양평서,660,3,2,225,430
2014,경기의정부서,5952,9,13,2602,3328
2014,경기고양서,3384,5,4,1522,1853
2014,경기일산서,4208,6,13,2169,2020
2014,경기남양주서,4598,9,15,1789,2785
2014,경기파주서,3309,10,10,1272,2017
2014,경기양주서,1867,1,11,753,1102
2014,경기동두천서,1325,2,4,395,924
2014,경기구리서,2443,3,7,1018,1415
2014,경기포천서,1773,5,4,758,1006
2014,경기가평서,819,2,2,356,459
2014,경기연천서,477,1,0,200,276
2014,강원강릉서,2532,3,11,1050,1468
2014,강원고성서,264,2,1,70,191
2014,강원동해서,1052,0,4,326,722
2014,강원삼척서,759,0,1,303,455
2014,강원속초서,1189,1,2,391,795
2014,강원양구서,117,1,1,51,64
2014,강원영월서,257,1,3,78,175
2014,강원원주서,4408,6,12,1793,2597
2014,강원인제서,163,0,0,68,95
2014,강원정선서,344,3,2,192,147
2014,강원철원서,237,0,0,124,113
2014,강원춘천서,2891,2,13,1109,1767
2014,강원태백서,377,1,1,113,262
2014,강원평창서,287,1,0,114,172
2014,강원홍천서,578,2,4,228,344
2014,강원화천서,128,0,0,50,78
2014,강원횡성서,322,2,1,143,176
2014,충북괴산서,595,2,2,332,259
2014,충북단양서,222,1,0,97,124
2014,충북보은서,203,0,0,96,107
2014,충북영동서,303,1,0,150,152
2014,충북옥천서,387,0,0,172,215
2014,충북음성서,752,3,3,348,398
2014,충북제천서,1448,6,6,582,854
2014,충북진천서,661,1,2,299,359
2014,충북청주청원서,2736,4,13,1357,1362
2014,충북청주흥덕서,4617,6,18,2356,2237
2014,충북충주서,2091,4,4,1092,991
2014,충북청주상당서,2730,5,7,1351,1367
2014,충남천안서북서,3936,10,19,1991,1916
2014,충남천안동남서,3908,7,14,2428,1459
2014,충남서산서,2138,10,4,1083,1041
2014,충남아산서,3139,7,8,1428,1696
2014,충남논산서,1262,7,5,773,477
2014,충남공주서,987,2,3,585,397
2014,충남보령서,1186,4,9,721,452
2014,충남당진서,1403,4,4,718,677
2014,충남세종서,962,0,1,595,366
2014,충남홍성서,749,4,6,404,335
2014,충남예산서,715,3,2,397,313
2014,충남부여서,492,2,3,317,170
2014,충남서천서,326,0,0,178,148
2014,충남금산서,421,0,1,247,173
2014,충남청양서,224,3,1,114,106
2014,전북고창서,448,0,0,198,250
2014,전북군산서,3027,4,8,1295,1720
2014,전북김제서,775,2,2,367,404
2014,전북남원서,599,2,0,248,349
2014,전북무주서,200,0,1,97,102
2014,전북부안서,420,0,1,186,233
2014,전북순창서,134,1,0,58,75
2014,전북완주서,553,3,4,253,293
2014,전북익산서,3295,5,13,1749,1528
2014,전북임실서,141,0,0,69,72
2014,전북장수서,100,0,1,52,47
2014,전북전주덕진서,3347,4,19,1912,1412
2014,전북전주완산서,3663,5,11,1887,1760
2014,전북정읍서,1110,3,4,492,611
2014,전북진안서,110,1,0,46,63
2014,전남목포서,3645,6,13,1699,1927
2014,전남여수서,2769,3,8,1131,1627
2014,전남순천서,3033,4,5,1345,1679
2014,전남나주서,841,2,1,360,478
2014,전남광양서,1258,2,1,488,767
2014,전남고흥서,406,2,0,177,227
2014,전남해남서,655,1,0,255,399
2014,전남장흥서,246,2,0,107,137
2014,전남보성서,309,0,0,139,170
2014,전남영광서,610,2,1,366,241
2014,전남화순서,408,2,0,175,231
2014,전남함평서,209,0,0,92,117
2014,전남영암서,575,2,3,265,305
2014,전남장성서,307,3,1,156,147
2014,전남강진서,239,1,1,103,134
2014,전남담양서,337,3,0,161,173
2014,전남곡성서,234,1,0,126,107
2014,전남완도서,436,1,0,126,309
2014,전남무안서,694,1,3,345,345
2014,전남진도서,322,3,0,122,197
2014,전남구례서,203,2,0,74,127
2014,경북경주서,2549,8,5,1236,1300
2014,경북포항북부서,2672,6,2,1328,1336
2014,경북포항남부서,2301,5,3,1198,1095
2014,경북구미서,4449,5,20,2311,2113
2014,경북경산서,2748,7,4,1406,1331
2014,경북안동서,1603,0,0,753,850
2014,경북김천서,1129,1,3,569,556
2014,경북영주서,746,4,3,280,459
2014,경북영천서,736,2,2,303,429
2014,경북상주서,845,4,0,415,426
2014,경북문경서,557,0,1,265,291
2014,경북칠곡서,1058,3,3,544,508
2014,경북의성서,324,0,1,139,184
2014,경북청도서,387,3,4,175,205
2014,경북영덕서,212,0,2,102,108
2014,경북울진서,276,1,0,109,166
2014,경북봉화서,180,0,0,65,115
2014,경북예천서,208,3,0,96,109
2014,경북성주서,337,0,0,171,166
2014,경북청송서,193,1,1,46,145
2014,경북영양서,93,0,0,26,67
2014,경북군위서,141,0,1,83,57
2014,경북고령서,266,1,0,117,148
2014,경북울릉서,59,0,0,6,53
2014,경남창원중부서,2624,6,9,1399,1210
2014,경남창원서부서,2392,3,8,1262,1119
2014,경남마산중부서,1775,4,5,863,903
2014,경남마산동부서,2458,3,14,1315,1126
2014,경남진주서,3873,12,7,2267,1587
2014,경남김해중부서,3954,4,1,1958,1991
2014,경남김해서부서,2834,3,6,1825,1000
2014,경남양산서,2707,5,9,1277,1416
2014,경남진해서,1498,3,1,675,819
2014,경남통영서,1698,4,3,814,877
2014,경남사천서,1137,2,1,435,699
2014,경남거제서,2473,5,5,1229,1234
2014,경남밀양서,867,1,3,457,406
2014,경남거창서,366,2,0,168,196
2014,경남합천서,205,3,0,75,127
2014,경남창녕서,354,3,0,167,184
2014,경남고성서,630,3,2,279,346
2014,경남하동서,295,0,0,108,187
2014,경남남해서,293,0,0,119,174
2014,경남함양서,275,0,0,116,159
2014,경남산청서,213,2,0,93,118
2014,경남함안서,522,4,5,237,276
2014,경남의령서,173,0,0,77,96
2014,제주서귀포서,2308,1,3,1120,1184
2014,제주동부서,4218,7,9,2149,2053
2014,제주서부서,3607,9,13,1700,1885
